MntWines,Age,Income,Recency,NumDealsPurchases,NumWebPurchases,NumCatalogPurchases,NumStorePurchases,NumWebVisitsMonth,,,SUMMARY OUTPUT,,,,,,,,
635,65,58138,58,3,8,10,4,7,,,,,,,,,,,
11,68,46344,38,2,1,1,2,5,,,Regression Statistics,,,,,,,,
426,57,71613,26,1,8,2,10,4,,,Multiple R,0.77971133,,,,,,,
11,38,26646,26,2,2,0,4,6,,,R Square,0.607949757,,,,,,,
173,41,58293,94,5,5,3,6,5,,,Adjusted R Square,0.606528642,,,,,,,
520,55,62513,16,2,6,4,10,6,,,Standard Error,211.5966807,,,,,,,
235,51,55635,34,4,7,3,7,6,,,Observations,2216,,,,,,,
76,37,33454,32,2,4,0,4,8,,,,,,,,,,,
14,48,30351,19,1,3,0,2,9,,,ANOVA,,,,,,,,
28,72,5648,68,1,1,0,0,20,,,,df,SS,MS,F,Significance F,,,
6,46,7500,59,1,2,0,3,8,,,Regression,8,153230774.7,19153846.83,427.7975654,0,,,
194,63,63033,82,1,3,4,8,2,,,Residual,2207,98814353.74,44773.1553,,,,,
233,70,59354,53,3,6,1,5,6,,,Total,2215,252045128.4,,,,,,
3,35,17323,38,1,1,0,3,8,,,,,,,,,,,
1006,76,82800,23,1,7,6,12,3,,,,Coefficients,Standard Error,t Stat,P-value,Lower 95%,Upper 95%,Lower 95.0%,Upper 95.0%
53,42,41850,51,3,3,0,3,8,,,Intercept,-374.9829923,31.17468708,-12.02844447,2.52241E-32,-436.1177834,-313.8482011,-436.1177834,-313.8482011
84,76,37760,20,2,4,1,6,7,,,Age,1.068909389,0.383932944,2.784104375,0.005413342,0.31600174,1.821817037,0.31600174,1.821817037
1012,73,76995,91,2,11,4,9,5,,,Income,0.002642715,0.00025212,10.48195698,4.02464E-25,0.002148297,0.003137133,0.002148297,0.003137133
4,37,33812,86,2,2,1,3,6,,,Recency,0.13790351,0.155449746,0.887125991,0.375107732,-0.166939574,0.442746594,-0.166939574,0.442746594
86,40,37040,41,1,4,2,5,8,,,NumDealsPurchases,-17.02129117,2.631453398,-6.468399245,1.21597E-10,-22.18167509,-11.86090725,-22.18167509,-11.86090725
1,43,2447,42,15,0,28,0,1,,,NumWebPurchases,24.95104531,2.124473609,11.74457767,6.14657E-31,20.78486875,29.11722187,20.78486875,29.11722187
867,73,58607,63,3,2,3,9,8,,,NumCatalogPurchases,40.45415558,2.111176458,19.16190161,7.90344E-76,36.31405526,44.5942559,36.31405526,44.5942559
384,68,65324,0,3,6,2,9,4,,,NumStorePurchases,33.06550486,1.904556064,17.36126622,2.17572E-63,29.33059528,36.80041443,29.33059528,36.80041443
270,71,40689,69,7,7,1,5,8,,,NumWebVisitsMonth,21.83617413,2.695909872,8.099741892,9.01396E-16,16.54938852,27.12295974,16.54938852,27.12295974
6,53,18589,89,2,2,1,3,7,,,,,,,,,,,
173,46,53359,4,4,5,1,4,7,,,,,,,,,,,
36,33,38360,26,2,2,1,4,3,,,,,,,,,,,
684,57,84618,96,1,6,9,10,2,,,,,,,,,,,
8,33,10979,34,2,3,0,3,5,,,,,,,,,,,
112,59,38620,56,1,2,5,3,3,,,,,,,,,,,
110,52,40548,31,2,2,1,4,5,,,,,,,,,,,
96,70,46610,8,6,4,1,6,6,,,,,,,,,,,
482,76,68657,4,1,3,5,9,7,,,,,,,,,,,
40,71,49389,55,1,2,0,3,7,,,,,,,,,,,
702,52,67353,37,5,5,6,12,2,,,,,,,,,,,
6,46,23718,76,3,3,1,2,7,,,,,,,,,,,
55,49,42429,99,2,1,1,3,5,,,,,,,,,,,
437,79,48948,53,2,7,10,5,6,,,,,,,,,,,
421,42,80011,3,2,8,6,5,4,,,,,,,,,,,
13,37,20559,88,2,2,0,3,8,,,,,,,,,,,
9,65,21994,4,1,0,0,3,5,,,,,,,,,,,
3,47,7500,19,3,2,0,3,5,,,,,,,,,,,
123,46,79941,72,1,2,4,9,1,,,,,,,,,,,
3,26,7500,24,3,3,1,3,9,,,,,,,,,,,
13,54,41728,92,1,2,0,2,10,,,,,,,,,,,
826,68,72550,39,9,5,2,12,8,,,,,,,,,,,
245,65,65486,29,1,4,2,10,2,,,,,,,,,,,
650,58,79143,2,1,6,9,13,3,,,,,,,,,,,
12,45,35790,54,2,2,0,3,7,,,,,,,,,,,
510,45,82582,54,1,4,9,7,1,,,,,,,,,,,
328,44,66373,57,7,4,2,10,3,,,,,,,,,,,
984,67,82384,55,1,3,10,13,1,,,,,,,,,,,
295,56,70287,30,1,5,5,10,3,,,,,,,,,,,
13,34,27938,31,1,1,0,4,3,,,,,,,,,,,
447,54,55954,63,3,8,2,6,7,,,,,,,,,,,
712,40,75777,12,1,3,6,11,1,,,,,,,,,,,
452,47,66653,18,4,4,2,12,3,,,,,,,,,,,
523,70,61823,26,4,8,2,10,7,,,,,,,,,,,
546,71,67680,8,1,7,3,8,5,,,,,,,,,,,
398,74,70666,29,1,7,4,4,4,,,,,,,,,,,
1,51,25721,75,1,1,1,2,7,,,,,,,,,,,
10,55,32474,0,1,1,0,2,7,,,,,,,,,,,
688,43,88194,19,1,11,10,10,5,,,,,,,,,,,
247,64,69096,4,1,5,2,10,4,,,,,,,,,,,
856,52,74854,90,7,2,5,5,5,,,,,,,,,,,
496,68,66991,1,3,4,8,6,3,,,,,,,,,,,
258,63,65031,29,4,10,3,13,7,,,,,,,,,,,
565,47,60631,88,5,9,2,8,7,,,,,,,,,,,
14,70,28332,58,1,2,1,4,2,,,,,,,,,,,
2,45,40246,68,1,1,0,2,6,,,,,,,,,,,
721,50,75251,34,1,7,6,5,5,,,,,,,,,,,
1032,46,75825,40,0,5,8,9,4,,,,,,,,,,,
1,46,26326,12,1,0,0,3,3,,,,,,,,,,,
577,57,56046,9,2,10,1,8,8,,,,,,,,,,,
64,37,29760,87,4,3,1,4,8,,,,,,,,,,,
4,53,26304,5,1,1,0,2,7,,,,,,,,,,,
25,49,23559,87,3,3,0,3,7,,,,,,,,,,,
112,59,38620,56,1,2,5,3,3,,,,,,,,,,,
163,35,81361,18,1,3,10,13,1,,,,,,,,,,,
17,62,29440,95,2,1,0,4,7,,,,,,,,,,,
130,52,36138,48,5,3,1,4,7,,,,,,,,,,,
292,65,50388,3,4,6,1,6,7,,,,,,,,,,,
350,49,79593,70,1,5,6,7,2,,,,,,,,,,,
135,55,54178,79,1,2,2,5,2,,,,,,,,,,,
15,50,42394,69,1,1,0,3,7,,,,,,,,,,,
27,52,23626,84,3,3,1,3,5,,,,,,,,,,,
5,39,30096,30,1,2,0,3,6,,,,,,,,,,,
505,62,47916,72,5,7,4,6,6,,,,,,,,,,,
51,50,51813,37,2,2,0,3,7,,,,,,,,,,,
207,71,78497,44,1,5,7,12,2,,,,,,,,,,,
135,39,50150,32,2,5,2,7,5,,,,,,,,,,,
53,62,47823,0,2,2,0,3,8,,,,,,,,,,,
41,63,34554,43,2,2,0,3,6,,,,,,,,,,,
386,43,85693,59,2,9,5,11,5,,,,,,,,,,,
562,77,65846,68,1,6,3,6,4,,,,,,,,,,,
217,63,87195,35,1,3,11,5,1,,,,,,,,,,,
1,43,24594,94,1,1,0,3,5,,,,,,,,,,,
144,58,49096,15,4,4,1,4,7,,,,,,,,,,,
295,53,52413,56,4,6,4,12,6,,,,,,,,,,,
76,44,38557,17,2,3,1,3,7,,,,,,,,,,,
454,62,89058,18,1,5,4,4,2,,,,,,,,,,,
425,43,77298,46,1,6,6,11,3,,,,,,,,,,,
1332,31,68126,40,1,7,4,5,9,,,,,,,,,,,
527,59,57288,27,3,8,1,8,6,,,,,,,,,,,
490,31,86037,95,1,6,7,11,3,,,,,,,,,,,
378,42,43974,19,5,6,4,6,7,,,,,,,,,,,
64,60,50785,27,2,2,1,3,6,,,,,,,,,,,
547,52,90765,25,0,4,6,5,1,,,,,,,,,,,
47,44,36550,74,5,9,1,5,9,,,,,,,,,,,
12,55,30753,85,2,1,1,3,5,,,,,,,,,,,
1,53,21918,37,2,2,0,3,6,,,,,,,,,,,
320,69,56129,65,4,6,2,10,4,,,,,,,,,,,
34,55,32557,13,3,2,1,3,5,,,,,,,,,,,
9,37,19510,63,2,1,0,3,7,,,,,,,,,,,
17,46,30992,83,1,1,0,3,7,,,,,,,,,,,
722,39,101970,69,0,6,8,13,2,,,,,,,,,,,
162,57,71488,87,2,3,4,7,1,,,,,,,,,,,
450,38,79607,37,1,3,6,6,1,,,,,,,,,,,
70,69,54348,51,2,2,0,4,6,,,,,,,,,,,
492,66,77376,72,4,6,3,10,4,,,,,,,,,,,
120,70,62998,10,5,5,4,5,5,,,,,,,,,,,
534,64,61331,42,5,11,1,6,8,,,,,,,,,,,
236,53,73448,10,1,7,2,9,4,,,,,,,,,,,
220,58,41551,51,5,5,1,5,8,,,,,,,,,,,
796,55,62981,21,1,4,5,13,3,,,,,,,,,,,
0,46,9548,31,2,1,0,3,8,,,,,,,,,,,
53,63,33762,61,3,2,2,2,8,,,,,,,,,,,
15,49,35860,37,2,1,1,2,5,,,,,,,,,,,
17,57,36921,74,2,2,0,3,7,,,,,,,,,,,
962,30,92859,46,1,5,4,12,2,,,,,,,,,,,
738,46,65104,4,2,3,5,7,7,,,,,,,,,,,
399,60,86111,73,1,5,7,10,2,,,,,,,,,,,
614,48,68352,47,3,8,5,9,6,,,,,,,,,,,
32,34,41883,13,3,4,2,3,7,,,,,,,,,,,
598,46,59809,36,3,3,3,6,8,,,,,,,,,,,
2,47,23957,47,1,2,0,3,6,,,,,,,,,,,
6,41,38547,49,1,1,0,2,8,,,,,,,,,,,
73,49,35688,94,7,4,1,4,8,,,,,,,,,,,
42,56,49605,65,1,2,1,4,3,,,,,,,,,,,
295,69,59354,59,1,4,4,7,3,,,,,,,,,,,
346,53,65747,96,4,8,1,6,6,,,,,,,,,,,
233,50,46344,28,4,7,1,5,7,,,,,,,,,,,
5,34,34176,12,4,3,0,4,6,,,,,,,,,,,
888,70,61010,57,2,8,5,11,5,,,,,,,,,,,
997,73,69372,10,1,10,4,6,4,,,,,,,,,,,
212,64,49967,4,3,6,1,5,7,,,,,,,,,,,
8,44,60199,49,1,0,0,3,4,,,,,,,,,,,
42,45,55375,3,1,1,1,6,2,,,,,,,,,,,
536,67,80317,64,1,3,4,10,1,,,,,,,,,,,
5,64,30523,0,1,1,0,2,7,,,,,,,,,,,
1349,77,70356,20,2,10,6,9,6,,,,,,,,,,,
53,38,23228,91,4,3,0,4,8,,,,,,,,,,,
1001,47,74165,9,1,5,4,10,2,,,,,,,,,,,
20,49,157243,98,15,0,22,0,0,,,,,,,,,,,
18,56,43482,83,3,2,0,4,6,,,,,,,,,,,
125,69,62551,27,1,6,7,4,3,,,,,,,,,,,
212,63,52332,63,1,3,2,6,4,,,,,,,,,,,
277,34,66951,46,1,3,4,7,1,,,,,,,,,,,
15,65,26091,84,3,2,1,3,5,,,,,,,,,,,
7,57,33456,58,2,1,0,3,7,,,,,,,,,,,
12,40,28718,78,2,2,0,3,8,,,,,,,,,,,
85,52,50447,4,1,3,1,3,6,,,,,,,,,,,
81,63,53537,17,2,2,1,3,5,,,,,,,,,,,
59,55,52074,77,1,2,2,2,4,,,,,,,,,,,
1149,47,80427,56,1,11,8,8,5,,,,,,,,,,,
847,74,83837,79,1,9,10,5,4,,,,,,,,,,,
29,52,38853,90,2,2,0,3,7,,,,,,,,,,,
2,63,38285,96,1,0,0,3,2,,,,,,,,,,,
207,71,78497,44,1,5,7,12,2,,,,,,,,,,,
152,46,51650,81,1,4,1,4,5,,,,,,,,,,,
12,34,16248,77,3,2,1,3,6,,,,,,,,,,,
620,76,66835,21,1,6,4,13,2,,,,,,,,,,,
47,38,30477,16,1,1,1,3,6,,,,,,,,,,,
1,61,28249,80,1,2,0,3,6,,,,,,,,,,,
10,39,25271,45,1,1,1,2,9,,,,,,,,,,,
35,52,32303,63,2,1,0,4,5,,,,,,,,,,,
356,56,61286,34,2,7,1,8,5,,,,,,,,,,,
783,46,74068,14,1,4,10,9,2,,,,,,,,,,,
42,58,45759,13,2,2,0,3,7,,,,,,,,,,,
1,44,24882,52,1,1,1,2,6,,,,,,,,,,,
466,33,66973,98,1,8,7,12,3,,,,,,,,,,,
15,122,36640,99,1,2,1,2,5,,,,,,,,,,,
23,34,38872,93,2,3,0,3,8,,,,,,,,,,,
235,49,51148,38,4,5,1,6,6,,,,,,,,,,,
10,45,31353,24,2,1,1,2,8,,,,,,,,,,,
656,42,69661,80,1,7,3,12,3,,,,,,,,,,,
519,68,80067,82,1,4,6,6,2,,,,,,,,,,,
344,68,86718,20,1,5,6,5,2,,,,,,,,,,,
96,49,46854,81,6,5,1,3,8,,,,,,,,,,,
448,70,69142,50,3,8,1,7,5,,,,,,,,,,,
265,54,75922,60,1,4,4,9,1,,,,,,,,,,,
587,44,63693,63,3,11,6,9,6,,,,,,,,,,,
763,45,102160,54,0,7,9,10,4,,,,,,,,,,,
22,57,40637,72,2,1,0,3,7,,,,,,,,,,,
6,38,18890,5,1,0,1,2,6,,,,,,,,,,,
7,34,29604,88,1,1,0,3,9,,,,,,,,,,,
81,59,48721,50,6,4,2,5,6,,,,,,,,,,,
54,56,44794,99,1,2,0,3,6,,,,,,,,,,,
1170,68,64497,17,5,11,4,9,8,,,,,,,,,,,
72,66,46097,11,5,3,1,6,4,,,,,,,,,,,
613,68,77972,18,1,4,6,9,1,,,,,,,,,,,
224,54,44377,70,8,5,1,5,8,,,,,,,,,,,
410,48,46014,21,10,7,1,8,7,,,,,,,,,,,
239,37,70951,66,1,3,4,9,1,,,,,,,,,,,
171,45,41443,79,6,8,1,5,8,,,,,,,,,,,
12,44,52195,2,1,1,0,2,8,,,,,,,,,,,
1076,74,83790,81,1,8,10,6,3,,,,,,,,,,,
182,68,44551,24,2,4,1,5,7,,,,,,,,,,,
824,42,69508,48,2,11,4,11,6,,,,,,,,,,,
30,34,45204,93,1,1,1,4,3,,,,,,,,,,,
377,53,72460,56,1,3,5,7,1,,,,,,,,,,,
520,52,77622,3,2,6,3,11,3,,,,,,,,,,,
155,42,30732,44,4,4,1,4,8,,,,,,,,,,,
897,60,63887,38,5,9,6,12,6,,,,,,,,,,,
131,44,42011,46,4,3,1,4,8,,,,,,,,,,,
297,46,51369,84,2,8,2,4,8,,,,,,,,,,,
787,70,51537,27,3,2,2,11,8,,,,,,,,,,,
792,50,79930,72,1,3,5,8,2,,,,,,,,,,,
4,36,34320,66,1,1,0,2,8,,,,,,,,,,,
231,56,37070,30,9,5,1,8,7,,,,,,,,,,,
983,60,81975,2,1,6,3,4,7,,,,,,,,,,,
3,51,38590,65,1,1,0,2,8,,,,,,,,,,,
0,71,15033,37,1,1,0,3,3,,,,,,,,,,,
562,57,62745,89,3,7,8,11,5,,,,,,,,,,,
5,47,22212,49,2,2,0,4,6,,,,,,,,,,,
18,40,23661,46,1,1,0,3,7,,,,,,,,,,,
415,64,79761,32,1,5,2,11,3,,,,,,,,,,,
5,49,7500,54,4,3,1,3,7,,,,,,,,,,,
8,129,60182,23,1,1,0,2,4,,,,,,,,,,,
901,54,73455,98,1,6,5,10,3,,,,,,,,,,,
382,64,64961,97,2,6,4,4,3,,,,,,,,,,,
14,51,22804,75,1,2,0,2,9,,,,,,,,,,,
559,32,73687,8,1,3,9,9,2,,,,,,,,,,,
789,64,61074,37,7,11,5,8,7,,,,,,,,,,,
11,58,31686,31,2,1,0,3,6,,,,,,,,,,,
1218,50,80134,40,2,5,3,6,6,,,,,,,,,,,
925,69,75027,74,2,9,4,6,5,,,,,,,,,,,
864,34,67546,90,1,4,10,5,3,,,,,,,,,,,
960,53,65176,57,4,9,6,6,6,,,,,,,,,,,
16,47,31160,59,2,2,0,3,8,,,,,,,,,,,
3,37,29938,52,2,1,0,3,6,,,,,,,,,,,
168,48,102692,5,1,6,9,13,2,,,,,,,,,,,
45,64,26490,92,2,3,1,5,6,,,,,,,,,,,
650,55,75702,77,5,4,6,11,8,,,,,,,,,,,
24,48,30899,35,2,1,0,3,6,,,,,,,,,,,
918,61,63342,48,3,8,3,5,6,,,,,,,,,,,
138,58,45989,97,4,3,2,7,3,,,,,,,,,,,
12,58,18701,95,4,2,0,4,5,,,,,,,,,,,
11,65,40737,24,1,1,0,2,8,,,,,,,,,,,
1,43,15287,60,2,1,1,2,7,,,,,,,,,,,
554,54,69674,46,3,10,2,10,5,,,,,,,,,,,
167,52,44159,85,4,4,1,6,5,,,,,,,,,,,
9,44,37717,31,1,1,0,2,9,,,,,,,,,,,
177,70,43776,9,6,5,2,4,8,,,,,,,,,,,
38,56,38179,30,4,3,1,3,7,,,,,,,,,,,
483,59,80124,47,1,3,7,8,1,,,,,,,,,,,
77,52,38097,70,4,3,2,2,7,,,,,,,,,,,
182,52,72940,13,1,3,3,6,1,,,,,,,,,,,
10,52,22070,11,2,2,2,2,6,,,,,,,,,,,
778,69,69267,31,2,3,4,5,7,,,,,,,,,,,
16,39,31788,15,3,3,0,4,5,,,,,,,,,,,
167,47,61905,2,2,4,2,4,5,,,,,,,,,,,
13,62,29315,55,4,2,0,4,6,,,,,,,,,,,
33,59,33378,38,3,2,0,4,7,,,,,,,,,,,
625,59,66313,86,2,6,3,12,4,,,,,,,,,,,
216,66,60714,56,2,7,4,10,5,,,,,,,,,,,
68,41,77882,29,1,3,3,5,1,,,,,,,,,,,
196,36,69867,30,1,3,5,8,1,,,,,,,,,,,
635,54,63841,64,1,9,3,9,6,,,,,,,,,,,
4,41,24480,46,3,3,0,4,7,,,,,,,,,,,
297,46,51369,84,2,8,2,4,8,,,,,,,,,,,
84,76,37760,20,2,4,1,6,7,,,,,,,,,,,
204,48,65640,74,1,5,1,8,2,,,,,,,,,,,
26,47,44319,18,2,2,0,3,5,,,,,,,,,,,
15,48,30631,75,1,3,1,2,7,,,,,,,,,,,
304,70,75278,17,1,6,3,13,3,,,,,,,,,,,
285,66,50898,88,13,6,2,12,5,,,,,,,,,,,
395,56,79946,19,1,5,11,5,3,,,,,,,,,,,
248,73,35416,62,3,7,1,5,8,,,,,,,,,,,
20,38,32414,11,1,1,0,3,7,,,,,,,,,,,
39,53,38361,74,3,3,1,3,7,,,,,,,,,,,
777,42,82497,32,1,2,7,9,4,,,,,,,,,,,
8,51,16626,76,3,3,0,3,9,,,,,,,,,,,
9,57,29672,6,1,0,0,3,6,,,,,,,,,,,
1241,70,55951,62,3,3,6,11,8,,,,,,,,,,,
6,34,35388,20,1,1,0,3,7,,,,,,,,,,,
65,36,42386,43,1,3,0,3,8,,,,,,,,,,,
395,40,68627,45,1,2,3,6,1,,,,,,,,,,,
801,57,57912,34,5,8,3,12,5,,,,,,,,,,,
36,64,35246,53,4,3,1,3,5,,,,,,,,,,,
513,66,58821,44,1,9,2,9,6,,,,,,,,,,,
37,44,46377,89,1,2,1,3,4,,,,,,,,,,,
80,34,39747,43,3,5,1,4,8,,,,,,,,,,,
14,38,23976,68,3,3,1,3,7,,,,,,,,,,,
525,61,80950,44,1,6,7,9,2,,,,,,,,,,,
1,56,27038,64,1,3,0,3,9,,,,,,,,,,,
675,75,77457,85,1,2,5,10,1,,,,,,,,,,,
509,58,64100,93,1,8,3,6,7,,,,,,,,,,,
154,30,42670,12,1,4,2,4,4,,,,,,,,,,,
3,46,12571,86,4,3,1,3,6,,,,,,,,,,,
25,55,22574,28,2,2,0,3,7,,,,,,,,,,,
768,46,70893,42,1,6,6,10,3,,,,,,,,,,,
185,56,54198,13,6,3,1,6,4,,,,,,,,,,,
24,66,28839,86,2,2,0,3,5,,,,,,,,,,,
44,50,40321,59,2,3,0,3,7,,,,,,,,,,,
91,37,66503,30,2,4,3,6,3,,,,,,,,,,,
11,71,30833,33,2,1,0,3,5,,,,,,,,,,,
412,51,64795,23,3,3,3,12,2,,,,,,,,,,,
3,48,34421,81,1,1,0,2,7,,,,,,,,,,,
16,57,47025,6,1,1,0,2,7,,,,,,,,,,,
731,61,64325,41,5,10,3,5,7,,,,,,,,,,,
424,69,40464,78,6,8,2,8,8,,,,,,,,,,,
792,65,62187,49,1,4,8,5,3,,,,,,,,,,,
21,46,14849,39,3,2,0,4,8,,,,,,,,,,,
22,38,27255,3,1,1,0,3,7,,,,,,,,,,,
33,72,54432,37,1,1,0,3,4,,,,,,,,,,,
68,36,29999,22,4,3,1,4,8,,,,,,,,,,,
9,39,24072,79,1,1,0,2,8,,,,,,,,,,,
40,33,33996,46,1,1,1,3,4,,,,,,,,,,,
909,66,66334,82,2,9,3,5,5,,,,,,,,,,,
23,51,35178,10,1,1,1,2,7,,,,,,,,,,,
11,39,22010,51,2,2,0,3,8,,,,,,,,,,,
317,62,62204,38,1,4,5,12,3,,,,,,,,,,,
797,54,75693,10,1,11,4,6,4,,,,,,,,,,,
10,50,30675,14,1,1,0,3,8,,,,,,,,,,,
856,57,83003,18,1,7,6,8,3,,,,,,,,,,,
755,123,83532,36,1,4,6,4,1,,,,,,,,,,,
456,34,68655,95,1,4,5,11,3,,,,,,,,,,,
37,36,41411,11,1,2,1,4,6,,,,,,,,,,,
1103,53,55212,65,3,4,2,11,8,,,,,,,,,,,
378,72,59292,71,2,3,5,8,3,,,,,,,,,,,
1,49,27190,13,1,1,0,2,8,,,,,,,,,,,
204,70,82623,58,1,2,9,4,1,,,,,,,,,,,
30,57,44300,65,2,1,0,3,6,,,,,,,,,,,
189,52,84835,0,1,4,4,6,1,,,,,,,,,,,
15,51,30372,33,3,2,0,3,7,,,,,,,,,,,
9,46,33181,90,1,1,0,2,6,,,,,,,,,,,
495,65,71113,95,4,6,7,9,4,,,,,,,,,,,
656,36,71952,93,2,8,4,8,4,,,,,,,,,,,
452,56,69759,38,3,4,6,5,3,,,,,,,,,,,
546,48,72099,18,1,3,4,10,1,,,,,,,,,,,
1048,46,60000,57,5,11,3,5,6,,,,,,,,,,,
22,44,38643,45,2,2,0,3,7,,,,,,,,,,,
78,67,50737,61,1,2,0,4,6,,,,,,,,,,,
561,53,68462,6,1,3,3,8,1,,,,,,,,,,,
629,79,65073,65,1,5,3,5,2,,,,,,,,,,,
269,74,46681,52,2,4,6,4,5,,,,,,,,,,,
736,65,78618,87,1,4,7,10,2,,,,,,,,,,,
512,53,62187,38,3,6,2,10,4,,,,,,,,,,,
19,44,28442,53,3,2,1,4,4,,,,,,,,,,,
9,44,37717,31,1,1,0,2,9,,,,,,,,,,,
247,55,51479,67,7,6,3,6,7,,,,,,,,,,,
404,53,54803,65,2,6,2,9,4,,,,,,,,,,,
333,62,79530,64,1,4,10,11,2,,,,,,,,,,,
2,46,31615,82,2,2,0,3,7,,,,,,,,,,,
833,60,72025,27,1,4,3,8,3,,,,,,,,,,,
789,47,52614,63,2,2,4,8,8,,,,,,,,,,,
10,38,35684,66,1,1,0,3,6,,,,,,,,,,,
159,47,48178,69,6,5,1,4,8,,,,,,,,,,,
7,52,29548,52,1,1,1,2,4,,,,,,,,,,,
977,56,63810,45,4,4,3,12,8,,,,,,,,,,,
38,50,38578,2,3,3,0,3,8,,,,,,,,,,,
57,47,46098,86,4,3,2,2,8,,,,,,,,,,,
3,52,22585,23,1,1,1,2,9,,,,,,,,,,,
10,33,30279,13,1,1,0,3,8,,,,,,,,,,,
1043,61,66426,14,2,3,5,10,6,,,,,,,,,,,
3,53,30822,92,1,1,0,3,7,,,,,,,,,,,
11,53,33581,38,1,1,0,2,8,,,,,,,,,,,
3,37,19986,74,1,0,0,3,7,,,,,,,,,,,
43,68,27421,14,3,4,1,6,7,,,,,,,,,,,
73,49,35688,94,7,4,1,4,8,,,,,,,,,,,
12,41,36143,33,1,0,1,2,3,,,,,,,,,,,
4,51,10245,32,3,1,2,2,5,,,,,,,,,,,
314,54,43795,11,3,7,3,4,7,,,,,,,,,,,
571,62,63381,78,4,4,5,13,2,,,,,,,,,,,
70,73,38823,56,1,2,1,3,6,,,,,,,,,,,
866,54,83664,57,3,2,2,12,5,,,,,,,,,,,
594,43,90300,7,0,5,6,8,1,,,,,,,,,,,
140,43,62499,0,2,3,1,6,4,,,,,,,,,,,
375,29,74293,66,1,5,4,6,2,,,,,,,,,,,
102,76,51012,86,1,4,1,4,6,,,,,,,,,,,
554,54,70777,80,3,5,3,12,3,,,,,,,,,,,
919,31,68682,56,1,4,9,10,2,,,,,,,,,,,
96,51,43824,18,4,3,1,4,8,,,,,,,,,,,
5,38,15345,51,2,1,1,2,8,,,,,,,,,,,
2,35,23442,71,1,1,0,3,7,,,,,,,,,,,
6,42,14515,71,4,2,2,3,7,,,,,,,,,,,
23,66,31395,80,4,2,1,3,6,,,,,,,,,,,
610,57,75276,2,1,9,4,9,5,,,,,,,,,,,
67,48,42373,83,5,2,1,5,5,,,,,,,,,,,
65,62,30507,29,1,5,1,4,7,,,,,,,,,,,
416,67,55521,11,9,6,3,6,7,,,,,,,,,,,
23,57,48006,55,1,1,0,3,6,,,,,,,,,,,
19,50,27213,19,3,2,0,4,8,,,,,,,,,,,
155,51,65808,1,3,5,1,5,6,,,,,,,,,,,
14,48,30351,19,1,3,0,2,9,,,,,,,,,,,
370,59,50437,28,3,7,1,8,7,,,,,,,,,,,
4,40,23616,76,2,3,0,3,8,,,,,,,,,,,
407,46,53858,50,4,4,3,6,4,,,,,,,,,,,
1200,67,66465,1,3,11,9,12,6,,,,,,,,,,,
85,35,46923,90,3,5,1,7,7,,,,,,,,,,,
583,60,75072,83,2,5,4,8,3,,,,,,,,,,,
483,79,75865,73,1,3,5,10,1,,,,,,,,,,,
2,47,19789,24,3,2,1,3,5,,,,,,,,,,,
966,28,80134,11,1,2,7,11,5,,,,,,,,,,,
822,41,91065,33,1,7,9,9,3,,,,,,,,,,,
604,51,49505,4,9,10,2,8,8,,,,,,,,,,,
19,49,37401,14,2,2,0,3,7,,,,,,,,,,,
5,39,30096,30,1,2,0,3,6,,,,,,,,,,,
2,40,18492,75,1,1,0,2,8,,,,,,,,,,,
1076,48,82584,26,1,3,4,8,1,,,,,,,,,,,
1285,81,93027,77,0,7,10,5,2,,,,,,,,,,,
10,69,48686,8,1,1,0,2,8,,,,,,,,,,,
551,36,92910,42,1,6,7,13,1,,,,,,,,,,,
800,33,75433,28,2,2,5,10,6,,,,,,,,,,,
2,33,10404,52,2,1,0,4,5,,,,,,,,,,,
378,54,61314,1,2,5,5,12,3,,,,,,,,,,,
1248,61,84865,1,1,2,4,9,4,,,,,,,,,,,
235,33,42387,42,5,8,1,7,8,,,,,,,,,,,
515,55,67309,76,15,9,6,9,7,,,,,,,,,,,
438,58,75236,27,1,8,3,13,4,,,,,,,,,,,
25,52,30015,28,2,1,0,4,5,,,,,,,,,,,
31,66,50943,49,1,1,0,3,5,,,,,,,,,,,
357,56,67272,12,3,6,2,12,5,,,,,,,,,,,
400,73,51529,14,2,9,1,5,8,,,,,,,,,,,
99,51,32011,89,3,2,1,4,7,,,,,,,,,,,
1,36,7500,96,2,2,0,3,8,,,,,,,,,,,
5,33,28691,56,1,1,0,3,8,,,,,,,,,,,
77,74,56223,72,2,2,1,5,4,,,,,,,,,,,
3,76,18100,14,1,0,0,3,5,,,,,,,,,,,
10,33,30279,13,1,1,0,3,8,,,,,,,,,,,
0,48,20130,99,1,1,0,3,8,,,,,,,,,,,
0,63,23295,72,1,1,0,2,8,,,,,,,,,,,
76,50,42618,92,2,5,0,4,8,,,,,,,,,,,
398,58,81246,87,1,4,5,7,1,,,,,,,,,,,
14,46,24027,7,2,2,0,3,8,,,,,,,,,,,
208,69,55707,91,2,3,2,9,3,,,,,,,,,,,
430,67,57959,71,5,4,7,11,3,,,,,,,,,,,
656,53,56796,24,3,8,9,7,7,,,,,,,,,,,
14,51,36230,17,1,2,0,4,5,,,,,,,,,,,
141,42,70829,87,2,4,2,8,3,,,,,,,,,,,
507,46,65991,21,3,9,5,10,7,,,,,,,,,,,
164,50,38988,90,7,5,1,6,8,,,,,,,,,,,
606,56,89572,44,1,7,7,9,4,,,,,,,,,,,
116,38,42207,71,4,4,1,5,6,,,,,,,,,,,
143,70,50300,52,2,2,1,8,2,,,,,,,,,,,
398,40,66664,78,1,5,7,6,3,,,,,,,,,,,
522,58,60597,2,4,2,2,8,7,,,,,,,,,,,
161,73,70165,60,1,3,7,11,1,,,,,,,,,,,
112,64,50520,25,2,3,1,3,6,,,,,,,,,,,
483,59,80124,47,1,3,7,8,1,,,,,,,,,,,
7,47,33183,46,2,4,0,3,7,,,,,,,,,,,
789,53,66582,83,1,2,8,9,1,,,,,,,,,,,
1239,67,75261,17,1,5,6,5,2,,,,,,,,,,,
4,52,31880,13,1,1,0,2,8,,,,,,,,,,,
335,71,53790,86,3,7,2,8,6,,,,,,,,,,,
639,51,49269,92,3,7,3,12,7,,,,,,,,,,,
563,47,61456,47,4,6,10,13,4,,,,,,,,,,,
2,42,37406,18,1,1,0,2,8,,,,,,,,,,,
746,41,56937,81,7,8,6,9,6,,,,,,,,,,,
22,44,38415,91,2,1,0,3,7,,,,,,,,,,,
4,34,20518,58,1,1,1,2,5,,,,,,,,,,,
478,66,62503,40,4,8,3,11,5,,,,,,,,,,,
20,50,41644,67,2,1,0,3,3,,,,,,,,,,,
451,45,55842,19,1,7,1,8,5,,,,,,,,,,,
371,50,62010,93,4,6,2,7,5,,,,,,,,,,,
281,45,41124,41,7,7,3,4,8,,,,,,,,,,,
19,49,38961,60,1,2,1,2,7,,,,,,,,,,,
26,50,37760,54,1,2,0,3,6,,,,,,,,,,,
138,48,32233,26,2,6,2,2,9,,,,,,,,,,,
213,47,43057,30,4,4,2,5,5,,,,,,,,,,,
407,62,83151,93,1,5,9,4,3,,,,,,,,,,,
483,58,78825,35,1,5,10,13,3,,,,,,,,,,,
738,46,65104,4,2,3,5,7,7,,,,,,,,,,,
502,48,60093,92,2,7,2,10,6,,,,,,,,,,,
11,53,14045,24,1,1,0,3,7,,,,,,,,,,,
24,70,28457,96,1,4,1,4,8,,,,,,,,,,,
1170,64,78952,11,2,2,5,12,6,,,,,,,,,,,
185,46,46310,99,2,6,1,5,8,,,,,,,,,,,
983,67,76005,72,1,3,5,13,6,,,,,,,,,,,
691,58,58308,77,4,2,6,3,8,,,,,,,,,,,
504,78,55614,85,1,9,4,6,7,,,,,,,,,,,
317,60,59432,88,3,5,3,11,5,,,,,,,,,,,
29,44,55563,22,1,2,0,3,3,,,,,,,,,,,
1396,51,78642,83,1,4,9,4,6,,,,,,,,,,,
529,73,67911,63,3,6,7,11,3,,,,,,,,,,,
388,78,65275,9,1,4,3,13,2,,,,,,,,,,,
13,72,27203,92,2,1,1,2,8,,,,,,,,,,,
28,61,48330,2,1,1,0,3,5,,,,,,,,,,,
16,32,24279,6,1,4,1,3,8,,,,,,,,,,,
1047,37,64355,66,2,4,3,12,8,,,,,,,,,,,
31,66,50943,49,1,1,0,3,5,,,,,,,,,,,
815,69,53653,29,2,10,4,12,6,,,,,,,,,,,
225,46,65665,77,1,5,10,8,3,,,,,,,,,,,
493,33,81217,77,1,3,7,11,1,,,,,,,,,,,
34,30,34935,71,1,2,1,4,7,,,,,,,,,,,
382,63,61250,49,6,5,2,12,5,,,,,,,,,,,
127,41,39665,97,3,4,2,3,7,,,,,,,,,,,
325,43,60152,6,1,6,4,12,3,,,,,,,,,,,
238,58,48920,93,3,6,2,5,7,,,,,,,,,,,
1168,63,89120,78,1,5,6,7,1,,,,,,,,,,,
284,76,44124,62,4,6,2,5,8,,,,,,,,,,,
1288,47,81169,47,1,5,7,9,2,,,,,,,,,,,
65,61,36443,9,4,3,1,3,8,,,,,,,,,,,
11,32,26095,77,1,1,0,3,7,,,,,,,,,,,
227,63,71367,24,1,4,5,7,2,,,,,,,,,,,
1035,78,80184,19,1,6,3,10,3,,,,,,,,,,,
27,57,30630,67,2,2,0,3,7,,,,,,,,,,,
982,35,73454,95,1,2,4,6,5,,,,,,,,,,,
179,31,42691,48,1,5,1,6,5,,,,,,,,,,,
1379,69,70503,73,1,2,4,9,6,,,,,,,,,,,
32,35,25545,35,3,2,2,3,6,,,,,,,,,,,
8,36,32880,76,1,1,0,3,8,,,,,,,,,,,
881,64,77863,20,1,4,5,10,2,,,,,,,,,,,
141,45,50353,72,1,4,4,6,3,,,,,,,,,,,
1000,58,61839,20,1,4,8,4,8,,,,,,,,,,,
206,62,49154,69,6,4,1,8,6,,,,,,,,,,,
162,47,47682,80,4,4,3,8,5,,,,,,,,,,,
619,53,72679,65,1,4,7,5,1,,,,,,,,,,,
456,45,57954,52,7,8,2,6,7,,,,,,,,,,,
112,60,65316,65,2,3,2,5,4,,,,,,,,,,,
11,40,28567,57,2,2,0,3,6,,,,,,,,,,,
172,71,47352,70,4,6,1,5,7,,,,,,,,,,,
78,55,44931,0,1,2,1,3,5,,,,,,,,,,,
464,55,76982,19,1,8,3,4,4,,,,,,,,,,,
99,70,57247,50,2,2,1,7,2,,,,,,,,,,,
19,41,22944,67,3,3,0,3,7,,,,,,,,,,,
1,45,25315,46,3,3,0,3,8,,,,,,,,,,,
63,53,43638,37,2,4,1,4,7,,,,,,,,,,,
252,38,42710,38,2,4,5,3,6,,,,,,,,,,,
1478,40,84169,9,1,7,6,6,3,,,,,,,,,,,
198,46,54058,56,2,4,6,8,3,,,,,,,,,,,
8,32,24683,98,2,2,0,4,5,,,,,,,,,,,
416,58,85620,68,1,3,6,4,1,,,,,,,,,,,
42,42,47850,72,1,3,0,4,6,,,,,,,,,,,
14,54,19514,47,4,3,1,2,8,,,,,,,,,,,
17,49,27159,33,2,1,0,3,6,,,,,,,,,,,
15,59,39548,87,2,1,1,3,3,,,,,,,,,,,
6,33,21474,0,2,3,1,2,7,,,,,,,,,,,
458,51,60504,73,2,6,2,8,6,,,,,,,,,,,
30,59,22419,74,1,3,2,2,8,,,,,,,,,,,
179,73,81698,4,1,3,8,13,1,,,,,,,,,,,
90,70,43462,50,6,4,1,5,8,,,,,,,,,,,
308,44,54880,57,2,6,2,11,5,,,,,,,,,,,
557,40,79908,30,1,5,6,7,2,,,,,,,,,,,
7,52,15315,27,2,2,0,4,5,,,,,,,,,,,
1492,63,87771,61,1,5,10,4,6,,,,,,,,,,,
30,44,33039,4,1,2,0,4,5,,,,,,,,,,,
249,42,81741,75,0,6,6,7,2,,,,,,,,,,,
465,51,71499,12,2,8,3,13,4,,,,,,,,,,,
129,52,62466,13,5,6,3,12,4,,,,,,,,,,,
174,59,48799,9,3,3,2,7,3,,,,,,,,,,,
189,72,52157,48,2,3,2,5,4,,,,,,,,,,,
747,60,66565,80,4,4,2,9,8,,,,,,,,,,,
6,71,29298,60,1,1,0,2,5,,,,,,,,,,,
14,43,47691,43,1,1,0,2,6,,,,,,,,,,,
12,52,38200,19,1,1,0,2,7,,,,,,,,,,,
98,48,44989,26,5,5,1,5,6,,,,,,,,,,,
32,54,38443,58,2,1,0,3,7,,,,,,,,,,,
51,44,38593,42,3,4,1,3,8,,,,,,,,,,,
200,52,64413,27,1,5,1,5,5,,,,,,,,,,,
25,41,36959,56,2,2,0,3,8,,,,,,,,,,,
1050,45,61996,27,3,6,4,8,5,,,,,,,,,,,
117,54,51287,10,3,4,1,3,7,,,,,,,,,,,
9,52,13260,48,4,3,0,3,8,,,,,,,,,,,
56,56,47472,39,2,2,0,4,5,,,,,,,,,,,
145,66,54603,85,6,4,2,4,7,,,,,,,,,,,
203,48,45207,64,5,3,1,6,6,,,,,,,,,,,
270,71,40689,69,7,7,1,5,8,,,,,,,,,,,
9,55,47821,54,1,1,0,3,8,,,,,,,,,,,
37,71,27450,57,1,2,1,3,7,,,,,,,,,,,
46,39,39453,64,2,2,0,3,6,,,,,,,,,,,
31,51,26850,10,4,2,1,4,4,,,,,,,,,,,
1060,67,79800,65,1,5,11,5,3,,,,,,,,,,,
264,61,61794,74,2,4,4,10,2,,,,,,,,,,,
399,67,53863,4,3,7,1,7,7,,,,,,,,,,,
8,63,24221,94,1,1,1,3,4,,,,,,,,,,,
19,38,39684,41,2,2,1,2,7,,,,,,,,,,,
817,47,92163,25,0,5,11,5,2,,,,,,,,,,,
292,57,69882,94,1,3,7,9,1,,,,,,,,,,,
12,45,33178,9,1,1,0,3,4,,,,,,,,,,,
130,50,59973,47,1,3,4,7,1,,,,,,,,,,,
6,47,17459,12,3,3,1,2,7,,,,,,,,,,,
16,53,23910,80,1,2,0,3,7,,,,,,,,,,,
19,53,42169,20,2,1,0,3,8,,,,,,,,,,,
4,44,26224,39,3,2,1,3,6,,,,,,,,,,,
31,41,31089,57,3,3,0,4,8,,,,,,,,,,,
36,61,30081,27,1,1,0,3,7,,,,,,,,,,,
526,62,62807,83,3,5,3,12,5,,,,,,,,,,,
400,67,72906,79,1,3,4,9,1,,,,,,,,,,,
410,74,61467,69,3,5,2,10,5,,,,,,,,,,,
80,56,49618,77,4,3,1,3,7,,,,,,,,,,,
88,36,21888,15,4,5,1,2,10,,,,,,,,,,,
55,49,42429,99,2,1,1,3,5,,,,,,,,,,,
5,66,26150,61,1,1,0,3,7,,,,,,,,,,,
8,47,30801,23,2,1,0,3,7,,,,,,,,,,,
410,57,81168,84,1,6,4,7,3,,,,,,,,,,,
101,53,26877,74,2,3,1,6,6,,,,,,,,,,,
162,78,45006,90,1,3,1,7,3,,,,,,,,,,,
2,49,18978,41,1,1,0,3,8,,,,,,,,,,,
25,55,22574,28,2,2,0,3,7,,,,,,,,,,,
389,53,48240,73,3,6,3,13,5,,,,,,,,,,,
215,48,45837,88,5,6,2,5,7,,,,,,,,,,,
27,57,35791,94,2,1,0,3,8,,,,,,,,,,,
85,46,162397,31,0,0,0,1,1,,,,,,,,,,,
5,44,54162,31,1,1,0,3,4,,,,,,,,,,,
179,62,30522,6,5,1,2,9,2,,,,,,,,,,,
352,61,54456,23,3,6,1,7,6,,,,,,,,,,,
17,51,31632,92,1,2,1,2,7,,,,,,,,,,,
625,73,72298,52,1,4,3,6,1,,,,,,,,,,,
10,44,36975,50,1,1,0,3,7,,,,,,,,,,,
390,67,72635,54,1,6,8,6,3,,,,,,,,,,,
10,46,13624,93,2,2,0,3,6,,,,,,,,,,,
215,47,84196,56,1,8,4,7,3,,,,,,,,,,,
1001,62,70971,28,7,11,11,5,7,,,,,,,,,,,
19,45,34487,94,3,3,0,3,9,,,,,,,,,,,
41,45,28769,76,3,4,1,4,9,,,,,,,,,,,
1181,52,69084,43,2,7,3,13,8,,,,,,,,,,,
603,64,65488,46,1,3,4,6,1,,,,,,,,,,,
129,52,62466,13,5,6,3,12,4,,,,,,,,,,,
10,62,32218,27,1,2,1,3,7,,,,,,,,,,,
514,49,83917,12,1,6,7,7,3,,,,,,,,,,,
14,60,46102,3,1,1,0,2,7,,,,,,,,,,,
387,70,84574,72,1,9,11,11,5,,,,,,,,,,,
121,60,56181,6,1,4,2,7,4,,,,,,,,,,,
965,72,63120,53,5,8,4,9,7,,,,,,,,,,,
707,51,73691,58,2,6,2,8,2,,,,,,,,,,,
571,62,63381,78,4,4,5,13,2,,,,,,,,,,,
586,74,76140,57,1,5,9,6,2,,,,,,,,,,,
1063,63,62859,37,4,9,4,6,6,,,,,,,,,,,
305,58,45906,20,2,5,4,4,5,,,,,,,,,,,
1200,75,77632,73,1,4,2,6,2,,,,,,,,,,,
163,51,46463,56,7,3,1,6,6,,,,,,,,,,,
1009,52,105471,36,0,9,8,13,3,,,,,,,,,,,
125,52,55282,9,1,3,1,6,4,,,,,,,,,,,
721,45,78710,42,3,7,6,12,4,,,,,,,,,,,
315,64,66886,28,2,7,1,7,5,,,,,,,,,,,
1000,62,98777,23,0,4,6,9,1,,,,,,,,,,,
16,37,29103,38,2,1,0,3,9,,,,,,,,,,,
757,48,67445,63,5,9,6,12,6,,,,,,,,,,,
30,72,50616,71,1,1,1,4,2,,,,,,,,,,,
219,67,49431,9,2,7,1,5,8,,,,,,,,,,,
1,47,153924,81,0,0,0,0,0,,,,,,,,,,,
111,69,61278,87,2,3,1,4,6,,,,,,,,,,,
45,64,26490,92,2,3,1,5,6,,,,,,,,,,,
410,75,73059,36,1,9,3,13,4,,,,,,,,,,,
100,56,46734,86,4,3,2,3,6,,,,,,,,,,,
509,59,56253,83,4,7,2,9,6,,,,,,,,,,,
3,37,19986,74,1,0,0,3,7,,,,,,,,,,,
445,47,58330,87,1,6,4,13,4,,,,,,,,,,,
2,42,25965,29,1,2,0,3,8,,,,,,,,,,,
4,66,14661,88,1,1,0,3,6,,,,,,,,,,,
6,63,18690,77,1,1,1,2,8,,,,,,,,,,,
14,48,45068,25,1,1,0,2,7,,,,,,,,,,,
1,35,21063,34,2,2,0,3,6,,,,,,,,,,,
26,54,29187,43,1,1,0,3,8,,,,,,,,,,,
111,51,54690,76,3,3,1,5,3,,,,,,,,,,,
418,58,59304,81,3,7,8,10,5,,,,,,,,,,,
327,60,59247,87,5,5,2,9,6,,,,,,,,,,,
371,52,66731,33,4,4,3,6,3,,,,,,,,,,,
275,42,77353,38,2,6,4,8,4,,,,,,,,,,,
789,47,52614,63,2,2,4,8,8,,,,,,,,,,,
1,48,26751,26,1,1,0,2,8,,,,,,,,,,,
1004,59,81300,17,3,10,3,5,5,,,,,,,,,,,
187,43,70337,75,1,2,2,12,1,,,,,,,,,,,
56,37,36145,13,4,4,1,3,9,,,,,,,,,,,
365,42,65295,19,1,3,3,13,2,,,,,,,,,,,
595,59,68118,51,2,8,9,4,6,,,,,,,,,,,
1132,55,68743,81,1,11,5,13,7,,,,,,,,,,,
34,40,41039,32,1,8,1,5,8,,,,,,,,,,,
116,67,38946,84,2,3,1,6,5,,,,,,,,,,,
565,55,65777,87,1,2,8,6,1,,,,,,,,,,,
372,46,66476,99,2,5,2,11,4,,,,,,,,,,,
899,50,86857,96,1,5,6,10,2,,,,,,,,,,,
55,40,160803,21,15,0,28,1,0,,,,,,,,,,,
760,33,77845,40,1,3,5,12,1,,,,,,,,,,,
260,53,69476,3,1,4,6,4,2,,,,,,,,,,,
459,62,50611,98,6,4,5,7,6,,,,,,,,,,,
466,52,61209,73,1,5,3,4,2,,,,,,,,,,,
67,64,42315,90,3,1,4,4,3,,,,,,,,,,,
2,70,13084,29,1,1,0,3,6,,,,,,,,,,,
67,73,47570,3,3,2,2,2,7,,,,,,,,,,,
92,61,61923,94,1,2,1,4,3,,,,,,,,,,,
4,27,34824,65,1,1,0,2,6,,,,,,,,,,,
20,73,26518,33,3,2,0,3,8,,,,,,,,,,,
273,61,45938,46,2,8,4,6,6,,,,,,,,,,,
434,62,78468,29,1,10,7,10,4,,,,,,,,,,,
321,49,78901,99,3,9,3,5,4,,,,,,,,,,,
212,44,71427,26,2,8,2,8,4,,,,,,,,,,,
909,44,71022,30,3,5,2,11,8,,,,,,,,,,,
1184,34,90247,27,1,3,4,7,1,,,,,,,,,,,
112,54,41335,24,3,4,1,4,7,,,,,,,,,,,
656,36,71952,93,2,8,4,8,4,,,,,,,,,,,
23,52,35682,34,1,1,1,3,2,,,,,,,,,,,
537,71,43185,88,2,9,3,6,8,,,,,,,,,,,
712,74,66375,96,3,2,4,5,7,,,,,,,,,,,
23,51,35178,10,1,1,1,2,7,,,,,,,,,,,
1,36,25252,26,1,1,0,2,8,,,,,,,,,,,
664,57,55250,49,4,7,5,10,5,,,,,,,,,,,
6,47,33249,11,2,2,1,3,6,,,,,,,,,,,
299,69,58398,44,3,5,4,8,4,,,,,,,,,,,
99,40,50272,75,3,4,1,5,7,,,,,,,,,,,
749,47,76618,64,1,3,2,5,1,,,,,,,,,,,
345,62,87305,19,1,5,3,8,2,,,,,,,,,,,
9,44,25851,45,2,2,0,3,7,,,,,,,,,,,
440,52,58710,77,6,11,5,9,6,,,,,,,,,,,
8,64,45160,9,1,1,0,2,7,,,,,,,,,,,
670,57,74806,1,2,5,4,5,4,,,,,,,,,,,
524,68,59111,90,1,11,1,8,7,,,,,,,,,,,
6,38,18988,43,2,1,0,3,7,,,,,,,,,,,
597,57,72190,79,1,5,6,4,3,,,,,,,,,,,
7,46,7500,19,5,4,1,2,9,,,,,,,,,,,
54,56,44794,99,1,2,0,3,6,,,,,,,,,,,
445,67,80395,62,1,6,5,12,2,,,,,,,,,,,
294,46,75012,41,1,3,8,11,1,,,,,,,,,,,
292,57,56962,60,7,6,3,5,7,,,,,,,,,,,
412,31,89891,17,1,11,6,8,4,,,,,,,,,,,
8,73,35946,24,1,0,0,3,5,,,,,,,,,,,
349,69,53593,60,8,7,2,6,8,,,,,,,,,,,
328,44,66373,57,7,4,2,10,3,,,,,,,,,,,
144,74,45072,74,5,6,1,4,8,,,,,,,,,,,
1126,49,89694,22,3,4,3,4,5,,,,,,,,,,,
967,73,72025,46,1,4,8,13,2,,,,,,,,,,,
432,49,67432,69,2,8,5,4,4,,,,,,,,,,,
138,70,70545,29,1,4,1,7,2,,,,,,,,,,,
0,33,17487,37,1,1,0,2,7,,,,,,,,,,,
509,53,62882,26,2,7,5,6,4,,,,,,,,,,,
948,69,64108,8,4,6,9,11,5,,,,,,,,,,,
39,66,34941,26,2,3,0,3,8,,,,,,,,,,,
28,72,48767,79,3,2,1,3,5,,,,,,,,,,,
13,44,38702,71,2,3,0,4,6,,,,,,,,,,,
307,58,82224,83,1,6,9,5,3,,,,,,,,,,,
901,70,83844,57,1,4,4,11,1,,,,,,,,,,,
2,47,17003,37,3,2,0,4,5,,,,,,,,,,,
283,27,71163,30,1,3,8,12,1,,,,,,,,,,,
4,52,33697,34,1,1,0,2,7,,,,,,,,,,,
769,68,63564,0,1,10,10,7,6,,,,,,,,,,,
518,50,83443,89,1,6,10,5,2,,,,,,,,,,,
350,64,51518,92,2,3,2,10,3,,,,,,,,,,,
445,47,58330,87,1,6,4,13,4,,,,,,,,,,,
778,53,80952,20,1,8,5,11,8,,,,,,,,,,,
709,43,75507,56,1,8,6,6,3,,,,,,,,,,,
359,44,63855,28,1,7,3,13,4,,,,,,,,,,,
799,50,62220,55,5,7,6,5,6,,,,,,,,,,,
895,58,58512,25,5,3,4,8,8,,,,,,,,,,,
40,43,40662,0,2,2,1,3,4,,,,,,,,,,,
76,63,38829,86,1,3,2,2,5,,,,,,,,,,,
11,41,35523,8,2,3,0,3,7,,,,,,,,,,,
245,55,79146,33,2,8,1,8,6,,,,,,,,,,,
647,34,78285,13,1,6,4,10,3,,,,,,,,,,,
39,44,31626,12,1,2,1,2,7,,,,,,,,,,,
203,70,75127,92,1,2,11,5,1,,,,,,,,,,,
138,67,48726,90,3,3,2,4,6,,,,,,,,,,,
587,45,74985,8,1,3,6,7,2,,,,,,,,,,,
595,35,67430,6,1,11,5,12,6,,,,,,,,,,,
43,57,46891,91,1,2,1,4,4,,,,,,,,,,,
301,66,62058,52,4,6,1,7,6,,,,,,,,,,,
180,43,72063,3,2,5,2,12,2,,,,,,,,,,,
794,71,78939,57,1,8,5,6,3,,,,,,,,,,,
392,57,42720,9,8,7,3,7,8,,,,,,,,,,,
39,50,33622,22,3,2,0,4,7,,,,,,,,,,,
107,65,6835,76,0,0,0,1,20,,,,,,,,,,,
13,69,41452,86,1,1,0,2,7,,,,,,,,,,,
70,57,40760,64,2,2,1,3,6,,,,,,,,,,,
680,64,74250,90,1,2,11,4,1,,,,,,,,,,,
26,67,51124,79,2,1,0,3,3,,,,,,,,,,,
522,51,72258,28,2,6,9,5,2,,,,,,,,,,,
412,48,71466,86,1,4,4,10,1,,,,,,,,,,,
6,46,36283,42,2,1,0,3,4,,,,,,,,,,,
2,52,20587,39,1,1,1,2,7,,,,,,,,,,,
1,50,30467,8,1,1,0,2,7,,,,,,,,,,,
6,50,31590,40,1,1,0,3,8,,,,,,,,,,,
4,36,20425,5,2,2,0,3,7,,,,,,,,,,,
18,62,17144,96,5,3,0,4,7,,,,,,,,,,,
324,54,42564,28,6,6,8,4,7,,,,,,,,,,,
327,44,43783,22,6,7,1,8,7,,,,,,,,,,,
229,46,40780,30,4,7,1,5,9,,,,,,,,,,,
521,77,62847,45,1,3,6,4,2,,,,,,,,,,,
184,65,82017,58,1,5,4,7,2,,,,,,,,,,,
4,72,16813,49,1,2,0,3,7,,,,,,,,,,,
183,44,51267,37,4,3,3,5,4,,,,,,,,,,,
31,61,46524,70,2,1,1,5,3,,,,,,,,,,,
219,60,45183,33,1,4,1,7,7,,,,,,,,,,,
479,68,70421,98,3,10,3,7,6,,,,,,,,,,,
584,57,60161,17,3,11,4,8,8,,,,,,,,,,,
627,49,73926,54,1,6,5,12,3,,,,,,,,,,,
24,54,19329,39,3,4,0,3,8,,,,,,,,,,,
330,52,61872,81,4,4,4,9,4,,,,,,,,,,,
19,66,46984,71,1,1,0,3,5,,,,,,,,,,,
28,71,34838,62,3,2,1,4,6,,,,,,,,,,,
606,78,82716,8,1,6,8,13,2,,,,,,,,,,,
1039,64,48192,76,3,2,8,12,8,,,,,,,,,,,
411,46,49681,66,6,7,1,7,7,,,,,,,,,,,
34,51,56850,83,1,1,1,3,2,,,,,,,,,,,
161,65,55267,28,4,3,4,6,3,,,,,,,,,,,
623,50,59666,87,7,3,2,8,8,,,,,,,,,,,
604,50,72504,43,2,5,9,6,2,,,,,,,,,,,
3,41,26872,0,1,1,1,2,6,,,,,,,,,,,
12,50,21359,1,2,2,0,3,8,,,,,,,,,,,
184,47,73170,1,1,5,4,6,2,,,,,,,,,,,
393,67,52750,72,6,5,7,9,4,,,,,,,,,,,
410,36,91820,72,0,5,5,12,1,,,,,,,,,,,
376,52,65968,12,2,5,4,7,3,,,,,,,,,,,
7,46,30772,89,1,1,0,2,6,,,,,,,,,,,
68,68,22507,67,3,10,2,4,9,,,,,,,,,,,
642,50,65685,54,1,9,2,9,5,,,,,,,,,,,
8,44,25804,34,2,2,0,3,8,,,,,,,,,,,
840,42,76412,15,1,5,4,8,3,,,,,,,,,,,
7,50,22063,43,2,2,0,3,7,,,,,,,,,,,
464,61,57091,0,1,7,3,7,5,,,,,,,,,,,
30,59,22419,74,1,3,2,2,8,,,,,,,,,,,
1492,63,87771,61,1,5,10,4,6,,,,,,,,,,,
752,63,78353,51,1,10,2,11,8,,,,,,,,,,,
1279,68,93404,97,3,3,4,7,5,,,,,,,,,,,
22,60,37859,75,2,1,0,3,8,,,,,,,,,,,
860,64,80995,83,1,8,9,4,4,,,,,,,,,,,
3,38,16529,23,1,1,0,3,6,,,,,,,,,,,
10,46,55412,65,1,2,0,3,5,,,,,,,,,,,
351,30,48789,94,1,6,4,7,6,,,,,,,,,,,
421,55,56575,42,3,7,3,7,5,,,,,,,,,,,
2,42,25130,10,2,2,0,3,7,,,,,,,,,,,
25,55,35441,94,2,1,0,3,8,,,,,,,,,,,
336,66,71391,50,5,6,5,12,3,,,,,,,,,,,
191,50,49494,46,2,6,1,5,7,,,,,,,,,,,
563,42,81702,98,1,7,7,12,3,,,,,,,,,,,
31,42,45889,42,1,1,0,3,6,,,,,,,,,,,
479,45,56628,30,2,7,6,5,5,,,,,,,,,,,
18,72,34026,11,3,2,1,3,5,,,,,,,,,,,
91,48,40049,61,3,3,2,6,5,,,,,,,,,,,
5,34,34176,12,4,3,0,4,6,,,,,,,,,,,
2,41,19419,76,4,4,0,3,9,,,,,,,,,,,
362,62,82504,2,1,3,6,7,1,,,,,,,,,,,
724,52,81205,43,1,5,6,7,2,,,,,,,,,,,
605,31,61618,27,2,3,6,8,3,,,,,,,,,,,
547,66,55284,60,3,7,5,8,5,,,,,,,,,,,
104,59,49980,79,2,3,1,5,5,,,,,,,,,,,
8,42,15072,96,4,3,1,3,5,,,,,,,,,,,
224,48,49166,17,2,5,3,3,6,,,,,,,,,,,
384,68,65324,0,3,6,2,9,4,,,,,,,,,,,
556,65,82347,38,1,7,7,10,3,,,,,,,,,,,
24,56,30843,43,2,1,1,2,5,,,,,,,,,,,
408,48,46374,1,3,7,1,7,8,,,,,,,,,,,
265,43,60474,25,7,10,2,12,7,,,,,,,,,,,
34,49,38576,2,1,1,0,3,7,,,,,,,,,,,
374,37,55357,66,3,6,2,11,5,,,,,,,,,,,
27,56,37758,49,2,1,0,3,8,,,,,,,,,,,
600,33,85710,5,1,6,9,10,2,,,,,,,,,,,
13,53,23228,71,2,2,0,3,8,,,,,,,,,,,
167,53,44602,35,6,6,1,4,8,,,,,,,,,,,
0,35,7500,94,1,0,0,3,6,,,,,,,,,,,
46,33,38683,80,6,4,1,6,7,,,,,,,,,,,
88,47,49514,61,2,6,1,4,7,,,,,,,,,,,
243,49,57906,29,3,4,2,8,4,,,,,,,,,,,
275,56,43456,0,3,5,1,8,5,,,,,,,,,,,
6,36,19485,80,1,1,0,2,7,,,,,,,,,,,
121,44,53172,54,3,2,3,8,3,,,,,,,,,,,
4,43,30545,71,2,2,0,3,7,,,,,,,,,,,
1308,39,70123,27,1,5,7,4,3,,,,,,,,,,,
515,63,62450,61,2,5,5,4,3,,,,,,,,,,,
4,46,21675,55,3,4,0,3,7,,,,,,,,,,,
48,41,42395,35,4,3,1,4,7,,,,,,,,,,,
562,44,61346,34,1,5,7,10,3,,,,,,,,,,,
769,69,80812,95,1,4,8,5,2,,,,,,,,,,,
379,51,42835,64,7,6,6,4,6,,,,,,,,,,,
29,39,39922,30,2,3,0,4,8,,,,,,,,,,,
387,66,86424,12,1,6,9,12,1,,,,,,,,,,,
12,44,17117,96,4,3,1,3,9,,,,,,,,,,,
6,50,24762,16,3,3,1,2,8,,,,,,,,,,,
27,47,35797,16,2,2,0,3,8,,,,,,,,,,,
9,47,36627,78,1,0,0,3,5,,,,,,,,,,,
22,41,51111,83,2,2,0,3,6,,,,,,,,,,,
899,50,86857,96,1,5,6,10,2,,,,,,,,,,,
889,52,82072,67,1,3,2,13,1,,,,,,,,,,,
189,69,46231,87,4,6,1,4,9,,,,,,,,,,,
48,63,42243,34,2,2,0,3,7,,,,,,,,,,,
230,60,51195,46,8,9,2,5,8,,,,,,,,,,,
852,44,68092,7,2,2,6,10,5,,,,,,,,,,,
35,49,31814,73,2,2,0,3,9,,,,,,,,,,,
205,57,51390,54,6,5,2,5,5,,,,,,,,,,,
255,39,76630,93,1,3,10,11,1,,,,,,,,,,,
0,31,26868,52,1,1,0,2,7,,,,,,,,,,,
437,79,48948,53,2,7,10,5,6,,,,,,,,,,,
825,50,55260,81,2,8,10,5,6,,,,,,,,,,,
316,66,64090,8,1,6,9,4,5,,,,,,,,,,,
756,64,78331,97,2,10,6,7,4,,,,,,,,,,,
194,48,37087,50,3,4,2,8,6,,,,,,,,,,,
7,36,21846,38,4,4,0,3,8,,,,,,,,,,,
183,64,81320,61,1,4,3,10,2,,,,,,,,,,,
171,52,54137,46,2,4,1,4,6,,,,,,,,,,,
243,55,66825,73,1,4,5,6,2,,,,,,,,,,,
181,49,57100,19,1,3,3,6,3,,,,,,,,,,,
151,53,58917,10,5,4,1,6,5,,,,,,,,,,,
494,45,85072,94,1,3,4,10,0,,,,,,,,,,,
464,61,86429,10,0,7,4,7,2,,,,,,,,,,,
5,51,45684,37,1,1,0,2,7,,,,,,,,,,,
29,48,47889,94,1,2,0,3,5,,,,,,,,,,,
102,36,45921,23,1,2,1,6,4,,,,,,,,,,,
604,56,78420,75,1,3,10,8,1,,,,,,,,,,,
571,30,75114,40,1,3,10,5,2,,,,,,,,,,,
953,59,52278,24,6,10,5,10,8,,,,,,,,,,,
63,50,35641,11,2,3,1,4,7,,,,,,,,,,,
770,28,95529,29,1,7,3,7,3,,,,,,,,,,,
398,68,62820,51,1,3,4,6,1,,,,,,,,,,,
741,62,73113,86,1,3,4,7,2,,,,,,,,,,,
1478,40,84169,9,1,7,6,6,3,,,,,,,,,,,
156,68,42607,30,2,3,2,7,3,,,,,,,,,,,
960,68,74637,73,1,6,9,9,3,,,,,,,,,,,
38,67,46015,25,1,1,0,3,7,,,,,,,,,,,
315,29,72354,67,1,2,10,6,1,,,,,,,,,,,
15,53,39858,67,1,2,0,4,6,,,,,,,,,,,
19,74,34469,58,3,1,1,4,4,,,,,,,,,,,
812,36,83033,82,1,11,4,10,5,,,,,,,,,,,
73,43,24401,98,3,6,1,6,8,,,,,,,,,,,
372,44,77583,93,1,4,5,9,2,,,,,,,,,,,
871,40,74116,53,1,4,4,10,2,,,,,,,,,,,
375,29,74293,66,1,5,4,6,2,,,,,,,,,,,
760,46,68397,6,1,6,9,5,3,,,,,,,,,,,
471,48,79632,42,1,6,4,9,2,,,,,,,,,,,
31,33,46107,78,1,1,1,4,3,,,,,,,,,,,
819,71,64950,29,2,11,2,10,7,,,,,,,,,,,
1,33,25443,82,1,1,0,3,8,,,,,,,,,,,
203,70,75127,92,1,2,11,5,1,,,,,,,,,,,
26,51,32892,78,2,3,0,3,8,,,,,,,,,,,
354,51,71796,54,1,9,3,4,4,,,,,,,,,,,
1253,52,67536,45,3,11,5,11,8,,,,,,,,,,,
371,51,55239,59,3,7,5,11,5,,,,,,,,,,,
588,47,60554,8,2,8,4,9,6,,,,,,,,,,,
480,70,64831,51,8,6,3,5,6,,,,,,,,,,,
517,60,56067,51,2,7,4,7,5,,,,,,,,,,,
267,39,82025,76,1,3,2,6,1,,,,,,,,,,,
1111,69,94384,62,0,5,8,5,2,,,,,,,,,,,
7,36,14906,86,3,2,1,3,7,,,,,,,,,,,
1166,35,51563,60,1,4,4,10,8,,,,,,,,,,,
261,40,57937,56,3,4,4,9,3,,,,,,,,,,,
135,43,68274,83,2,4,2,5,3,,,,,,,,,,,
6,45,39771,92,1,2,0,3,4,,,,,,,,,,,
711,47,67893,31,2,3,2,9,8,,,,,,,,,,,
11,43,27922,80,1,2,0,3,4,,,,,,,,,,,
42,46,52190,39,3,2,1,3,5,,,,,,,,,,,
79,49,44051,20,4,3,1,4,6,,,,,,,,,,,
20,51,42767,53,1,3,1,2,8,,,,,,,,,,,
30,46,46106,84,1,1,1,2,6,,,,,,,,,,,
20,46,16927,50,5,3,0,4,8,,,,,,,,,,,
115,57,59754,96,3,5,2,6,5,,,,,,,,,,,
263,70,53700,94,4,5,5,8,5,,,,,,,,,,,
69,49,59041,25,2,2,0,4,5,,,,,,,,,,,
267,65,54237,48,4,5,2,5,6,,,,,,,,,,,
561,55,70647,65,2,4,7,13,2,,,,,,,,,,,
492,60,52597,69,3,6,3,8,5,,,,,,,,,,,
14,53,41021,12,2,2,0,3,6,,,,,,,,,,,
80,47,40233,84,5,2,1,5,6,,,,,,,,,,,
97,42,50183,47,7,3,1,6,5,,,,,,,,,,,
197,63,54753,87,3,5,2,11,4,,,,,,,,,,,
693,49,92955,35,1,6,7,9,2,,,,,,,,,,,
43,49,33471,47,3,3,0,4,7,,,,,,,,,,,
14,48,34596,48,1,1,0,2,8,,,,,,,,,,,
186,42,44010,46,6,10,2,6,9,,,,,,,,,,,
434,34,84219,27,1,3,4,10,1,,,,,,,,,,,
59,54,40706,37,4,3,0,4,7,,,,,,,,,,,
16,34,15716,8,3,3,0,4,8,,,,,,,,,,,
230,63,59052,29,3,7,1,7,5,,,,,,,,,,,
829,51,80573,85,1,4,6,13,2,,,,,,,,,,,
318,60,83715,2,1,2,8,13,0,,,,,,,,,,,
1206,63,82576,66,1,2,4,12,1,,,,,,,,,,,
292,57,56962,60,7,6,3,5,7,,,,,,,,,,,
30,70,35704,54,3,2,0,4,4,,,,,,,,,,,
729,68,53103,70,5,10,6,7,7,,,,,,,,,,,
12,62,46779,55,1,0,1,2,4,,,,,,,,,,,
2,57,4861,20,0,0,0,0,14,,,,,,,,,,,
22,43,33462,78,1,2,0,3,7,,,,,,,,,,,
587,44,63693,63,3,11,6,9,6,,,,,,,,,,,
674,72,80763,17,1,5,11,6,3,,,,,,,,,,,
284,48,65352,43,2,4,2,8,4,,,,,,,,,,,
1023,44,82170,13,1,5,6,7,2,,,,,,,,,,,
1394,53,75759,46,1,9,7,9,5,,,,,,,,,,,
311,46,79689,65,1,4,9,13,2,,,,,,,,,,,
27,66,35340,1,2,2,0,3,5,,,,,,,,,,,
1296,68,85683,6,1,2,4,10,1,,,,,,,,,,,
3,50,24884,32,1,0,0,3,7,,,,,,,,,,,
393,41,42021,34,5,10,1,6,9,,,,,,,,,,,
218,33,64449,70,4,5,3,12,4,,,,,,,,,,,
66,68,64587,49,2,1,1,4,3,,,,,,,,,,,
4,27,34824,65,1,1,0,2,6,,,,,,,,,,,
795,44,75437,25,1,8,4,10,6,,,,,,,,,,,
15,65,26091,84,3,2,1,3,5,,,,,,,,,,,
384,49,52845,7,3,8,8,6,6,,,,,,,,,,,
244,66,46086,34,4,3,1,8,4,,,,,,,,,,,
158,66,78028,38,1,6,4,9,7,,,,,,,,,,,
1285,35,95169,1,1,4,3,4,1,,,,,,,,,,,
349,41,56337,25,5,8,5,4,8,,,,,,,,,,,
4,35,22434,25,2,2,0,3,8,,,,,,,,,,,
223,68,36930,50,5,5,2,4,8,,,,,,,,,,,
157,68,36130,46,6,3,8,4,4,,,,,,,,,,,
397,69,65569,96,2,6,5,10,3,,,,,,,,,,,
901,70,83844,57,1,4,4,11,1,,,,,,,,,,,
14,54,19514,47,4,3,1,2,8,,,,,,,,,,,
10,59,36736,52,1,1,0,2,6,,,,,,,,,,,
1230,43,77568,30,1,10,2,8,5,,,,,,,,,,,
81,46,49187,63,1,1,1,5,2,,,,,,,,,,,
154,44,30168,51,7,6,1,4,9,,,,,,,,,,,
63,54,34053,14,1,3,0,3,8,,,,,,,,,,,
30,51,38196,20,3,2,0,4,5,,,,,,,,,,,
90,71,59412,56,1,4,2,8,3,,,,,,,,,,,
635,57,70924,41,1,6,6,7,3,,,,,,,,,,,
127,53,54165,72,1,2,1,7,2,,,,,,,,,,,
13,49,32300,1,1,1,0,3,8,,,,,,,,,,,
18,46,20180,27,1,2,1,4,7,,,,,,,,,,,
45,49,34961,77,3,3,1,3,7,,,,,,,,,,,
38,48,28440,87,1,2,0,3,8,,,,,,,,,,,
986,69,64504,81,7,11,3,4,7,,,,,,,,,,,
61,56,33564,51,1,1,1,3,5,,,,,,,,,,,
4,44,17345,79,2,2,1,2,8,,,,,,,,,,,
201,55,56320,11,3,5,4,9,4,,,,,,,,,,,
19,44,28647,54,1,2,2,2,7,,,,,,,,,,,
4,35,15038,93,2,2,1,2,9,,,,,,,,,,,
18,64,32173,0,1,1,0,3,4,,,,,,,,,,,
806,58,68316,54,5,10,7,10,6,,,,,,,,,,,
380,51,74538,21,1,8,8,5,3,,,,,,,,,,,
576,51,91700,58,1,8,6,5,3,,,,,,,,,,,
458,53,68695,3,1,4,4,7,2,,,,,,,,,,,
5,45,31056,99,1,1,0,3,8,,,,,,,,,,,
350,49,79593,70,1,5,6,7,2,,,,,,,,,,,
39,42,28071,65,2,5,1,5,8,,,,,,,,,,,
26,64,37334,44,4,3,0,4,4,,,,,,,,,,,
68,50,46423,6,3,2,0,4,7,,,,,,,,,,,
45,51,37126,9,1,1,2,2,6,,,,,,,,,,,
359,69,47703,95,4,6,3,8,5,,,,,,,,,,,
403,63,61180,70,2,5,5,6,3,,,,,,,,,,,
34,68,38998,92,3,2,0,3,8,,,,,,,,,,,
73,31,8028,62,15,0,1,0,19,,,,,,,,,,,
292,60,76081,85,1,4,5,4,2,,,,,,,,,,,
14,36,34728,2,1,1,1,2,6,,,,,,,,,,,
80,57,33168,0,3,2,1,4,7,,,,,,,,,,,
30,56,33585,91,1,2,0,4,4,,,,,,,,,,,
463,62,77037,3,1,7,7,12,3,,,,,,,,,,,
75,38,35196,68,6,6,1,5,8,,,,,,,,,,,
538,56,44529,98,6,6,2,11,5,,,,,,,,,,,
635,57,70924,41,1,6,6,7,3,,,,,,,,,,,
8,56,28764,16,1,1,0,2,8,,,,,,,,,,,
1315,73,69098,82,1,7,8,9,5,,,,,,,,,,,
4,52,25959,1,2,1,2,2,6,,,,,,,,,,,
12,39,27100,64,1,1,0,3,7,,,,,,,,,,,
347,37,70596,68,1,3,5,12,2,,,,,,,,,,,
192,48,42557,98,4,6,1,4,8,,,,,,,,,,,
241,71,53312,32,1,5,1,5,7,,,,,,,,,,,
631,70,72228,87,1,6,7,8,3,,,,,,,,,,,
336,35,67605,84,1,2,8,6,1,,,,,,,,,,,
1099,73,62845,3,11,3,4,10,8,,,,,,,,,,,
743,64,65196,34,2,7,6,11,5,,,,,,,,,,,
124,35,42000,23,2,5,2,11,5,,,,,,,,,,,
15,49,35860,37,2,1,1,2,5,,,,,,,,,,,
397,58,65526,22,1,4,4,8,2,,,,,,,,,,,
10,61,16860,19,3,1,1,3,7,,,,,,,,,,,
530,30,83528,7,1,4,10,8,1,,,,,,,,,,,
1215,57,64176,52,8,8,9,8,6,,,,,,,,,,,
3,66,22304,91,1,1,0,2,8,,,,,,,,,,,
444,44,67023,93,1,3,7,13,2,,,,,,,,,,,
26,51,32892,78,2,3,0,3,8,,,,,,,,,,,
736,56,70713,23,6,5,6,8,3,,,,,,,,,,,
473,67,59925,83,3,9,2,9,6,,,,,,,,,,,
32,69,39722,92,2,2,0,3,5,,,,,,,,,,,
288,64,46610,4,1,6,1,6,6,,,,,,,,,,,
1050,61,88347,32,1,4,7,9,1,,,,,,,,,,,
1001,41,87171,27,1,6,7,11,2,,,,,,,,,,,
9,46,26907,10,2,1,0,3,7,,,,,,,,,,,
234,54,50014,9,2,4,1,8,5,,,,,,,,,,,
7,44,41014,65,1,1,0,2,7,,,,,,,,,,,
251,57,66294,68,1,4,3,5,2,,,,,,,,,,,
172,51,36715,16,6,7,2,4,9,,,,,,,,,,,
565,66,79456,12,1,5,6,4,3,,,,,,,,,,,
5,40,40479,95,1,0,0,3,4,,,,,,,,,,,
918,52,75345,16,1,5,8,6,3,,,,,,,,,,,
652,45,54233,46,4,11,6,5,8,,,,,,,,,,,
4,52,24163,3,2,1,0,3,4,,,,,,,,,,,
152,64,84460,80,0,9,9,4,5,,,,,,,,,,,
8,39,43776,77,1,1,0,2,6,,,,,,,,,,,
336,64,71691,0,1,4,7,5,2,,,,,,,,,,,
938,49,85844,62,1,6,6,7,2,,,,,,,,,,,
68,48,39190,91,2,2,1,4,5,,,,,,,,,,,
227,63,71367,24,1,4,5,7,2,,,,,,,,,,,
38,50,38578,2,3,3,0,3,8,,,,,,,,,,,
105,57,57236,22,3,2,1,4,3,,,,,,,,,,,
162,43,61825,56,1,4,2,8,4,,,,,,,,,,,
574,64,79803,54,1,4,3,5,1,,,,,,,,,,,
160,36,80910,71,1,3,3,8,1,,,,,,,,,,,
6,40,27590,38,1,1,0,2,7,,,,,,,,,,,
614,43,56775,62,2,5,8,10,5,,,,,,,,,,,
897,47,83829,78,0,4,7,6,1,,,,,,,,,,,
70,43,54210,18,2,4,1,7,5,,,,,,,,,,,
120,36,38508,95,6,7,2,5,8,,,,,,,,,,,
211,52,53187,66,2,4,1,6,5,,,,,,,,,,,
11,50,30023,28,1,2,0,3,8,,,,,,,,,,,
760,62,76045,78,1,4,5,11,2,,,,,,,,,,,
53,70,50870,13,1,2,0,3,5,,,,,,,,,,,
7,52,15315,27,2,2,0,4,5,,,,,,,,,,,
391,48,65463,17,2,6,2,9,5,,,,,,,,,,,
199,57,66480,71,7,4,1,7,4,,,,,,,,,,,
516,68,76773,79,1,2,2,11,1,,,,,,,,,,,
709,39,81698,1,1,8,2,5,5,,,,,,,,,,,
12,49,54466,78,1,1,0,2,5,,,,,,,,,,,
1000,62,98777,23,0,4,6,9,1,,,,,,,,,,,
19,38,16269,75,3,3,0,3,8,,,,,,,,,,,
1224,51,71819,70,3,3,3,5,6,,,,,,,,,,,
16,39,33569,10,1,1,1,2,8,,,,,,,,,,,
88,39,36262,24,1,3,5,3,6,,,,,,,,,,,
2,56,22634,47,1,2,1,2,8,,,,,,,,,,,
508,44,47025,98,5,11,1,6,9,,,,,,,,,,,
381,54,70566,4,2,6,5,9,3,,,,,,,,,,,
74,43,31605,15,2,2,1,4,7,,,,,,,,,,,
146,49,52034,67,5,4,2,5,7,,,,,,,,,,,
23,43,48526,32,1,2,1,4,3,,,,,,,,,,,
110,68,46734,40,2,6,1,5,7,,,,,,,,,,,
165,60,39552,54,7,6,2,5,8,,,,,,,,,,,
957,56,86358,78,4,5,3,6,8,,,,,,,,,,,
41,45,46931,94,2,1,1,3,3,,,,,,,,,,,
1,37,16581,51,1,0,0,3,4,,,,,,,,,,,
176,70,63998,42,1,7,6,11,4,,,,,,,,,,,
815,71,67381,67,4,2,2,9,7,,,,,,,,,,,
6,55,25930,87,1,1,0,2,7,,,,,,,,,,,
8,44,42693,29,1,1,0,3,5,,,,,,,,,,,
717,46,85606,89,2,6,7,9,3,,,,,,,,,,,
1067,37,72903,74,1,7,5,8,4,,,,,,,,,,,
166,48,49669,97,2,5,1,6,6,,,,,,,,,,,
29,54,36778,63,3,3,0,3,9,,,,,,,,,,,
714,60,85696,88,1,4,6,9,1,,,,,,,,,,,
8,33,10979,34,2,3,0,3,5,,,,,,,,,,,
229,61,49678,81,2,6,2,4,7,,,,,,,,,,,
320,69,56129,65,4,6,2,10,4,,,,,,,,,,,
23,33,37155,51,1,2,0,4,5,,,,,,,,,,,
1,44,21282,76,2,2,1,2,6,,,,,,,,,,,
56,60,33419,76,2,2,0,4,7,,,,,,,,,,,
508,77,63285,84,1,6,5,13,3,,,,,,,,,,,
29,48,21255,56,4,2,1,4,4,,,,,,,,,,,
46,41,42162,31,2,3,1,3,6,,,,,,,,,,,
454,66,54450,0,12,9,2,8,8,,,,,,,,,,,
350,68,57744,91,2,9,1,4,8,,,,,,,,,,,
10,36,26576,40,1,1,0,2,9,,,,,,,,,,,
735,79,57513,59,2,9,3,13,6,,,,,,,,,,,
897,58,68142,96,3,10,4,7,6,,,,,,,,,,,
5,43,7500,61,1,1,0,2,8,,,,,,,,,,,
777,48,83145,14,1,5,9,11,2,,,,,,,,,,,
162,62,54197,16,2,1,3,6,1,,,,,,,,,,,
35,59,23091,98,4,2,1,3,7,,,,,,,,,,,
342,46,46049,11,10,5,2,9,7,,,,,,,,,,,
258,48,56715,52,1,7,3,4,4,,,,,,,,,,,
658,61,79410,19,1,3,2,5,1,,,,,,,,,,,
356,71,57304,61,2,7,6,10,5,,,,,,,,,,,
213,57,44375,73,1,4,1,6,5,,,,,,,,,,,
454,66,54450,0,12,9,2,8,8,,,,,,,,,,,
457,57,59594,74,1,8,1,7,7,,,,,,,,,,,
241,28,80685,55,1,6,4,10,2,,,,,,,,,,,
210,48,40344,48,2,4,1,5,7,,,,,,,,,,,
441,50,62710,53,4,4,2,12,4,,,,,,,,,,,
19,54,48985,13,1,1,1,3,3,,,,,,,,,,,
28,54,35322,34,3,2,0,4,8,,,,,,,,,,,
476,74,77142,54,1,4,4,8,2,,,,,,,,,,,
364,53,81657,69,1,3,4,8,1,,,,,,,,,,,
0,26,14421,81,1,1,0,2,5,,,,,,,,,,,
0,48,20130,99,1,1,0,3,8,,,,,,,,,,,
863,32,74214,3,1,8,2,5,5,,,,,,,,,,,
349,65,66726,61,3,8,2,4,7,,,,,,,,,,,
5,43,23724,65,2,2,0,3,8,,,,,,,,,,,
184,62,47353,93,3,2,2,6,5,,,,,,,,,,,
8,70,33444,24,1,1,0,2,8,,,,,,,,,,,
277,41,54386,8,2,3,2,10,3,,,,,,,,,,,
44,41,28510,72,3,2,0,4,5,,,,,,,,,,,
1156,31,90638,29,1,3,4,10,1,,,,,,,,,,,
373,72,48070,33,3,8,2,6,7,,,,,,,,,,,
134,65,43140,68,1,4,1,5,6,,,,,,,,,,,
1148,61,54959,55,3,9,5,4,7,,,,,,,,,,,
6,64,15056,76,5,2,2,3,5,,,,,,,,,,,
4,51,26954,17,1,1,0,2,7,,,,,,,,,,,
5,37,22327,94,1,1,0,3,5,,,,,,,,,,,
24,57,44393,86,2,1,0,4,4,,,,,,,,,,,
899,70,62000,25,1,6,6,13,4,,,,,,,,,,,
108,60,31497,22,2,3,1,4,8,,,,,,,,,,,
27,48,45894,15,1,1,0,3,5,,,,,,,,,,,
816,52,78579,35,1,5,6,4,3,,,,,,,,,,,
1298,53,67369,81,4,7,4,10,4,,,,,,,,,,,
10,62,58401,55,1,1,2,2,4,,,,,,,,,,,
87,70,62307,94,1,4,0,4,5,,,,,,,,,,,
57,53,43641,50,3,2,1,4,6,,,,,,,,,,,
635,54,63841,64,1,9,3,9,6,,,,,,,,,,,
43,57,46891,91,1,2,1,4,4,,,,,,,,,,,
964,53,70091,11,2,5,2,10,8,,,,,,,,,,,
572,50,78075,72,1,3,5,5,1,,,,,,,,,,,
341,61,59184,6,3,6,6,12,5,,,,,,,,,,,
63,45,54809,0,4,2,1,5,4,,,,,,,,,,,
221,63,58113,66,3,9,2,8,7,,,,,,,,,,,
140,64,51412,42,2,3,2,4,4,,,,,,,,,,,
1,43,15287,60,2,1,1,2,7,,,,,,,,,,,
291,65,66636,64,1,3,4,9,1,,,,,,,,,,,
544,66,50965,87,3,10,4,5,8,,,,,,,,,,,
684,57,84618,96,1,6,9,10,2,,,,,,,,,,,
1,32,18351,1,1,2,0,3,7,,,,,,,,,,,
35,65,40451,54,1,1,1,2,5,,,,,,,,,,,
87,57,36317,53,2,3,0,4,7,,,,,,,,,,,
309,65,42213,96,2,5,1,7,7,,,,,,,,,,,
172,67,65748,58,2,2,4,10,1,,,,,,,,,,,
625,50,77044,12,2,7,11,11,4,,,,,,,,,,,
972,53,74918,78,1,5,9,6,3,,,,,,,,,,,
157,50,56721,64,5,4,1,5,6,,,,,,,,,,,
48,47,42160,26,4,2,1,4,6,,,,,,,,,,,
279,57,61559,8,1,4,2,10,3,,,,,,,,,,,
132,59,33629,49,5,3,1,4,9,,,,,,,,,,,
919,31,68682,56,1,4,9,10,2,,,,,,,,,,,
62,59,34377,55,2,2,2,2,7,,,,,,,,,,,
1,36,8940,25,3,3,1,3,8,,,,,,,,,,,
2,49,26228,50,1,1,0,2,8,,,,,,,,,,,
408,65,77297,84,1,5,7,9,4,,,,,,,,,,,
51,41,40211,30,2,2,1,2,8,,,,,,,,,,,
62,64,33438,81,4,2,1,4,5,,,,,,,,,,,
952,63,75032,74,2,5,4,9,3,,,,,,,,,,,
618,67,61284,76,1,11,2,8,6,,,,,,,,,,,
11,36,22518,36,2,2,1,2,5,,,,,,,,,,,
318,47,54730,64,5,4,1,8,4,,,,,,,,,,,
56,67,38452,62,3,3,0,3,7,,,,,,,,,,,
110,51,44421,53,5,5,0,4,8,,,,,,,,,,,
23,36,38197,86,1,1,0,3,5,,,,,,,,,,,
27,44,41986,15,3,3,0,4,4,,,,,,,,,,,
18,39,28427,67,2,2,0,3,8,,,,,,,,,,,
18,46,37395,47,1,1,0,3,6,,,,,,,,,,,
303,51,64722,47,4,8,2,11,6,,,,,,,,,,,
97,66,55249,81,1,2,1,4,3,,,,,,,,,,,
997,50,84906,98,1,5,6,12,2,,,,,,,,,,,
5,33,28691,56,1,1,0,3,8,,,,,,,,,,,
95,70,44213,48,4,2,1,5,6,,,,,,,,,,,
1,38,25707,18,1,1,0,3,7,,,,,,,,,,,
46,55,59062,74,2,2,0,3,4,,,,,,,,,,,
411,60,76624,68,1,5,10,7,1,,,,,,,,,,,
244,75,66000,36,1,1,3,5,1,,,,,,,,,,,
152,44,27683,90,4,6,2,4,8,,,,,,,,,,,
1,51,1730,65,15,0,0,0,20,,,,,,,,,,,
10,30,7500,63,4,3,2,2,9,,,,,,,,,,,
12,54,40521,82,1,0,1,2,5,,,,,,,,,,,
5,49,20427,63,1,1,0,2,8,,,,,,,,,,,
790,47,65106,55,3,8,3,13,6,,,,,,,,,,,
882,57,69969,64,1,4,2,6,3,,,,,,,,,,,
615,70,67433,51,4,6,5,13,4,,,,,,,,,,,
1004,55,77766,97,2,11,10,11,6,,,,,,,,,,,
133,50,74716,92,2,7,3,5,4,,,,,,,,,,,
595,59,68118,51,2,8,9,4,6,,,,,,,,,,,
293,52,55158,72,4,7,2,5,7,,,,,,,,,,,
313,67,62972,39,2,7,4,3,6,,,,,,,,,,,
151,47,74190,49,2,4,2,11,2,,,,,,,,,,,
15,46,39356,21,1,1,0,2,6,,,,,,,,,,,
736,53,76653,91,1,4,7,11,2,,,,,,,,,,,
15,49,35860,37,2,1,1,2,5,,,,,,,,,,,
982,39,90687,98,1,6,2,8,2,,,,,,,,,,,
1142,40,73450,85,1,7,8,11,3,,,,,,,,,,,
28,62,31454,40,3,2,0,3,8,,,,,,,,,,,
46,70,47139,2,2,2,1,2,7,,,,,,,,,,,
897,47,83829,78,0,4,7,6,1,,,,,,,,,,,
489,59,53378,41,10,9,4,6,8,,,,,,,,,,,
25,52,19656,94,3,2,1,3,7,,,,,,,,,,,
145,74,45579,10,1,4,1,4,6,,,,,,,,,,,
630,64,85485,73,1,6,6,6,2,,,,,,,,,,,
760,78,55956,22,2,7,3,4,4,,,,,,,,,,,
420,59,64191,30,3,5,3,13,3,,,,,,,,,,,
125,50,38808,21,4,5,1,4,8,,,,,,,,,,,
464,56,57183,51,8,9,1,7,8,,,,,,,,,,,
6,54,23748,97,3,2,1,3,8,,,,,,,,,,,
1090,51,66303,56,4,3,4,11,8,,,,,,,,,,,
3,47,37368,4,1,1,0,2,6,,,,,,,,,,,
24,58,40800,77,2,3,0,3,7,,,,,,,,,,,
737,44,71847,95,0,6,7,9,3,,,,,,,,,,,
254,47,46149,36,5,5,1,7,5,,,,,,,,,,,
817,39,78687,13,1,4,6,8,2,,,,,,,,,,,
620,51,49118,90,2,9,7,10,7,,,,,,,,,,,
13,65,37633,49,2,1,0,3,9,,,,,,,,,,,
113,71,39767,18,2,7,1,7,8,,,,,,,,,,,
7,71,26997,89,2,4,2,5,7,,,,,,,,,,,
16,52,33986,43,1,1,0,3,7,,,,,,,,,,,
462,50,57091,82,2,9,2,5,7,,,,,,,,,,,
22,53,46831,84,2,1,2,2,4,,,,,,,,,,,
968,50,83151,80,1,5,7,10,2,,,,,,,,,,,
283,51,52531,68,2,7,2,10,6,,,,,,,,,,,
1,66,15759,12,1,1,0,2,7,,,,,,,,,,,
14,51,22804,75,1,2,0,2,9,,,,,,,,,,,
30,49,43050,10,2,2,0,4,5,,,,,,,,,,,
4,45,42997,91,1,1,0,2,7,,,,,,,,,,,
52,59,48918,21,2,1,0,4,4,,,,,,,,,,,
62,68,60033,28,2,2,1,5,2,,,,,,,,,,,
20,44,34043,97,1,2,0,2,9,,,,,,,,,,,
545,56,57811,49,5,7,2,11,5,,,,,,,,,,,
558,76,78569,14,1,4,6,4,1,,,,,,,,,,,
6,44,7500,5,4,2,1,3,6,,,,,,,,,,,
39,51,157733,37,0,1,0,1,1,,,,,,,,,,,
1111,69,94384,62,0,5,8,5,2,,,,,,,,,,,
4,37,23148,83,1,2,0,3,7,,,,,,,,,,,
183,52,44267,48,5,5,2,4,9,,,,,,,,,,,
546,43,71626,94,1,5,5,8,3,,,,,,,,,,,
606,56,60894,61,5,10,3,8,7,,,,,,,,,,,
266,46,50200,70,6,7,1,5,8,,,,,,,,,,,
1142,57,81051,43,1,5,5,12,2,,,,,,,,,,,
1074,40,65169,23,1,10,4,13,6,,,,,,,,,,,
771,50,59868,37,7,11,2,12,6,,,,,,,,,,,
371,62,65695,50,2,5,4,10,4,,,,,,,,,,,
556,66,64857,78,1,7,5,10,4,,,,,,,,,,,
202,57,45143,74,3,6,1,5,7,,,,,,,,,,,
209,67,74805,14,5,4,7,10,2,,,,,,,,,,,
35,33,59060,77,3,3,1,7,4,,,,,,,,,,,
37,60,27238,39,3,3,0,3,9,,,,,,,,,,,
171,57,47009,89,4,3,2,8,4,,,,,,,,,,,
12,49,46094,62,1,1,0,3,7,,,,,,,,,,,
44,50,40321,59,2,3,0,3,7,,,,,,,,,,,
20,38,37235,68,1,1,1,2,4,,,,,,,,,,,
779,62,81843,13,1,5,9,12,3,,,,,,,,,,,
170,64,46692,37,3,6,1,5,6,,,,,,,,,,,
491,54,77382,36,2,5,7,12,1,,,,,,,,,,,
173,45,37774,28,4,7,2,3,9,,,,,,,,,,,
7,48,18393,2,2,3,0,3,8,,,,,,,,,,,
1205,60,72828,17,6,6,3,13,7,,,,,,,,,,,
10,40,24711,86,1,3,0,3,7,,,,,,,,,,,
97,47,45503,54,1,3,1,4,5,,,,,,,,,,,
67,40,6560,2,0,1,0,1,17,,,,,,,,,,,
345,77,71604,3,1,8,3,5,4,,,,,,,,,,,
6,43,27244,84,2,2,2,2,7,,,,,,,,,,,
73,53,48752,8,5,6,1,5,9,,,,,,,,,,,
711,60,71434,4,3,7,4,7,4,,,,,,,,,,,
774,74,90842,57,1,4,9,13,1,,,,,,,,,,,
163,44,88097,24,1,6,5,8,9,,,,,,,,,,,
82,47,51948,51,2,5,2,4,5,,,,,,,,,,,
358,40,71853,29,1,2,8,6,1,,,,,,,,,,,
66,39,35876,13,1,3,1,3,6,,,,,,,,,,,
13,70,40049,23,1,1,0,3,6,,,,,,,,,,,
139,40,39660,36,3,7,1,3,9,,,,,,,,,,,
274,60,50127,88,1,5,1,6,6,,,,,,,,,,,
262,45,43263,2,3,5,2,6,5,,,,,,,,,,,
1099,73,62845,3,11,3,4,10,8,,,,,,,,,,,
32,32,18929,15,1,1,0,4,6,,,,,,,,,,,
2,40,24367,58,1,1,0,2,9,,,,,,,,,,,
6,47,33249,11,2,2,1,3,6,,,,,,,,,,,
6,63,26887,27,1,1,0,3,6,,,,,,,,,,,
135,39,50150,32,2,5,2,7,5,,,,,,,,,,,
641,46,62061,12,3,10,4,7,6,,,,,,,,,,,
714,60,85696,88,1,4,6,9,1,,,,,,,,,,,
794,66,76542,91,1,4,8,10,2,,,,,,,,,,,
420,29,70515,12,1,6,6,4,2,,,,,,,,,,,
1,35,18227,21,1,0,1,2,8,,,,,,,,,,,
86,57,69139,23,1,4,1,5,4,,,,,,,,,,,
823,40,69109,10,1,6,6,7,4,,,,,,,,,,,
231,60,69627,35,2,8,2,11,5,,,,,,,,,,,
8,44,38136,69,2,3,1,2,8,,,,,,,,,,,
182,76,62159,68,1,6,2,10,4,,,,,,,,,,,
557,59,80695,85,1,5,8,5,2,,,,,,,,,,,
79,51,33316,34,3,2,1,4,6,,,,,,,,,,,
368,54,58554,55,6,8,2,6,7,,,,,,,,,,,
6,30,17256,10,2,2,1,2,8,,,,,,,,,,,
160,48,53034,30,8,6,1,7,8,,,,,,,,,,,
488,72,52203,36,1,8,7,11,6,,,,,,,,,,,
691,45,59601,14,4,2,2,7,8,,,,,,,,,,,
543,64,75154,79,1,6,3,6,3,,,,,,,,,,,
254,46,47025,52,3,6,3,5,6,,,,,,,,,,,
5,49,37971,97,1,1,0,3,8,,,,,,,,,,,
112,54,41335,24,3,4,1,4,7,,,,,,,,,,,
134,64,67267,0,1,3,2,5,2,,,,,,,,,,,
143,47,57338,96,2,4,1,5,5,,,,,,,,,,,
51,62,50523,89,2,2,0,4,6,,,,,,,,,,,
27,57,35791,94,2,1,0,3,8,,,,,,,,,,,
459,62,50611,98,6,4,5,7,6,,,,,,,,,,,
689,53,56242,72,5,8,4,11,6,,,,,,,,,,,
283,62,48904,1,4,7,2,4,8,,,,,,,,,,,
347,47,56243,26,6,4,2,8,5,,,,,,,,,,,
5,37,21355,5,2,2,1,2,6,,,,,,,,,,,
280,51,57420,22,3,5,1,6,7,,,,,,,,,,,
95,67,46390,56,1,4,2,3,7,,,,,,,,,,,
84,66,54342,74,4,3,1,4,6,,,,,,,,,,,
18,49,20895,24,1,2,0,3,9,,,,,,,,,,,
992,74,92344,9,0,5,10,5,1,,,,,,,,,,,
9,46,26907,10,2,1,0,3,7,,,,,,,,,,,
19,42,44964,35,1,1,0,3,8,,,,,,,,,,,
709,43,75507,56,1,8,6,6,3,,,,,,,,,,,
158,50,53761,7,6,4,4,3,5,,,,,,,,,,,
10,49,22682,51,3,2,1,4,4,,,,,,,,,,,
25,50,38887,17,1,1,0,3,7,,,,,,,,,,,
8,47,41658,30,2,1,1,2,4,,,,,,,,,,,
14,50,29791,21,2,2,0,3,5,,,,,,,,,,,
622,66,63915,2,2,6,3,12,5,,,,,,,,,,,
11,48,39996,85,1,1,0,2,6,,,,,,,,,,,
25,50,26759,65,2,2,1,3,6,,,,,,,,,,,
635,54,63841,64,1,9,3,9,6,,,,,,,,,,,
100,53,51039,11,2,6,2,4,7,,,,,,,,,,,
201,61,60544,92,4,5,1,5,6,,,,,,,,,,,
642,50,65685,54,1,9,2,9,5,,,,,,,,,,,
97,69,37716,4,2,4,1,3,7,,,,,,,,,,,
204,65,36864,53,3,5,2,4,8,,,,,,,,,,,
513,52,44511,39,6,8,4,8,8,,,,,,,,,,,
88,55,36947,49,4,3,0,4,9,,,,,,,,,,,
172,71,47352,70,4,6,1,5,7,,,,,,,,,,,
329,69,67087,40,2,7,5,8,4,,,,,,,,,,,
296,72,57045,40,3,4,2,9,3,,,,,,,,,,,
100,69,36957,43,4,3,2,2,9,,,,,,,,,,,
422,45,69389,17,1,7,2,12,4,,,,,,,,,,,
1218,50,80134,40,2,5,3,6,6,,,,,,,,,,,
5,53,43142,84,1,1,0,2,7,,,,,,,,,,,
507,78,80589,25,1,5,10,5,1,,,,,,,,,,,
52,32,34412,62,3,5,0,3,9,,,,,,,,,,,
191,43,57537,83,4,4,3,8,4,,,,,,,,,,,
2,56,22634,47,1,2,1,2,8,,,,,,,,,,,
68,74,51315,45,1,2,2,5,2,,,,,,,,,,,
20,50,36026,34,2,2,0,3,6,,,,,,,,,,,
20,49,24639,3,3,2,0,4,6,,,,,,,,,,,
7,50,34578,1,1,1,0,2,6,,,,,,,,,,,
279,50,65704,18,1,2,10,10,1,,,,,,,,,,,
977,56,63810,45,4,4,3,12,8,,,,,,,,,,,
30,53,54132,81,1,1,0,3,7,,,,,,,,,,,
6,63,18690,77,1,1,1,2,8,,,,,,,,,,,
3,52,28164,23,3,2,0,4,7,,,,,,,,,,,
14,48,34596,48,1,1,0,2,8,,,,,,,,,,,
10,50,43269,61,1,1,0,2,8,,,,,,,,,,,
7,64,38741,60,2,2,0,3,7,,,,,,,,,,,
33,50,31907,75,1,6,1,6,7,,,,,,,,,,,
12,39,27100,64,1,1,0,3,7,,,,,,,,,,,
2,49,31163,54,1,1,0,3,6,,,,,,,,,,,
693,37,92533,84,1,6,5,11,2,,,,,,,,,,,
9,49,34853,75,2,2,0,3,6,,,,,,,,,,,
129,55,70844,16,5,6,1,5,7,,,,,,,,,,,
16,43,31086,79,2,1,1,2,8,,,,,,,,,,,
201,61,60544,92,4,5,1,5,6,,,,,,,,,,,
5,36,20491,16,1,0,1,2,7,,,,,,,,,,,
14,58,42523,96,1,1,1,4,2,,,,,,,,,,,
29,39,39922,30,2,3,0,4,8,,,,,,,,,,,
26,70,33402,60,3,2,1,3,8,,,,,,,,,,,
9,73,36408,11,1,1,0,2,6,,,,,,,,,,,
14,43,21645,75,3,3,0,3,9,,,,,,,,,,,
972,74,78427,36,3,3,7,10,3,,,,,,,,,,,
966,76,82657,71,1,7,5,10,4,,,,,,,,,,,
99,64,51876,88,1,2,2,8,1,,,,,,,,,,,
482,51,78041,93,1,4,4,9,2,,,,,,,,,,,
714,65,52852,93,4,10,7,5,8,,,,,,,,,,,
587,40,70038,54,1,4,4,8,2,,,,,,,,,,,
399,49,69401,41,4,4,4,5,2,,,,,,,,,,,
56,50,46053,46,3,3,2,4,5,,,,,,,,,,,
227,57,77343,28,1,3,4,9,1,,,,,,,,,,,
703,69,73892,40,1,3,11,8,1,,,,,,,,,,,
37,55,40304,82,1,2,0,3,7,,,,,,,,,,,
167,57,32727,38,2,7,3,5,8,,,,,,,,,,,
458,53,68695,3,1,4,4,7,2,,,,,,,,,,,
91,51,43300,87,3,4,0,4,8,,,,,,,,,,,
15,50,26290,49,4,2,0,4,6,,,,,,,,,,,
1302,52,93790,16,0,6,7,12,2,,,,,,,,,,,
153,48,38410,65,2,5,2,9,6,,,,,,,,,,,
508,72,64866,9,4,7,3,7,5,,,,,,,,,,,
290,63,57957,24,7,4,6,8,3,,,,,,,,,,,
38,67,46015,25,1,1,0,3,7,,,,,,,,,,,
2,44,16531,43,3,3,0,3,7,,,,,,,,,,,
30,36,28072,10,1,1,0,3,7,,,,,,,,,,,
386,59,49476,29,4,2,11,5,2,,,,,,,,,,,
443,69,50725,45,4,8,1,8,8,,,,,,,,,,,
901,70,83844,57,1,4,4,11,1,,,,,,,,,,,
9,72,41145,20,1,0,0,3,3,,,,,,,,,,,
846,52,67419,29,4,9,4,8,5,,,,,,,,,,,
8,52,23162,82,3,1,1,3,6,,,,,,,,,,,
72,45,34380,68,4,4,1,3,8,,,,,,,,,,,
29,56,34704,65,1,1,0,3,5,,,,,,,,,,,
169,53,94871,99,1,8,5,4,7,,,,,,,,,,,
460,64,65148,9,2,6,6,7,4,,,,,,,,,,,
69,68,39898,20,2,3,0,4,7,,,,,,,,,,,
556,66,64857,78,1,7,5,10,4,,,,,,,,,,,
73,52,59892,26,1,2,1,3,3,,,,,,,,,,,
112,35,41020,68,1,3,2,4,3,,,,,,,,,,,
944,61,57072,79,2,7,5,13,5,,,,,,,,,,,
265,43,60474,25,7,10,2,12,7,,,,,,,,,,,
526,62,62807,83,3,5,3,12,5,,,,,,,,,,,
2,41,19414,32,1,1,0,3,8,,,,,,,,,,,
2,42,19107,49,2,1,0,3,7,,,,,,,,,,,
378,46,75484,50,2,7,3,6,4,,,,,,,,,,,
553,46,70379,84,3,6,3,13,4,,,,,,,,,,,
751,52,79419,96,1,4,6,4,2,,,,,,,,,,,
406,76,64014,56,7,8,2,5,7,,,,,,,,,,,
1449,67,76998,85,2,11,8,8,6,,,,,,,,,,,
123,50,49854,63,5,6,2,5,6,,,,,,,,,,,
267,51,60585,17,10,7,4,9,5,,,,,,,,,,,
209,72,42873,11,4,6,1,4,8,,,,,,,,,,,
1259,34,87679,62,1,7,11,10,4,,,,,,,,,,,
344,44,57867,48,7,7,2,9,6,,,,,,,,,,,
22,32,35765,86,2,2,0,4,6,,,,,,,,,,,
247,63,65492,73,2,4,7,13,2,,,,,,,,,,,
38,45,32952,36,1,2,0,3,7,,,,,,,,,,,
896,53,53374,34,6,4,2,9,9,,,,,,,,,,,
931,63,71706,16,4,9,5,7,5,,,,,,,,,,,
758,34,68487,48,1,9,7,13,4,,,,,,,,,,,
216,47,53253,61,7,4,3,5,5,,,,,,,,,,,
2,49,31163,54,1,1,0,3,6,,,,,,,,,,,
244,45,42014,56,6,7,1,6,8,,,,,,,,,,,
539,49,54108,74,13,8,2,9,8,,,,,,,,,,,
1181,67,49667,35,2,5,10,5,8,,,,,,,,,,,
750,48,63206,65,1,4,3,6,2,,,,,,,,,,,
306,50,57136,48,9,5,2,10,6,,,,,,,,,,,
350,47,46772,88,6,11,8,5,8,,,,,,,,,,,
331,51,78931,19,1,2,8,13,1,,,,,,,,,,,
620,64,53977,21,5,5,5,12,5,,,,,,,,,,,
434,34,84219,27,1,3,4,10,1,,,,,,,,,,,
57,47,46098,86,4,3,2,2,8,,,,,,,,,,,
811,57,73538,92,3,10,4,9,7,,,,,,,,,,,
423,36,79529,1,1,4,8,9,2,,,,,,,,,,,
2,45,20981,14,1,3,1,2,8,,,,,,,,,,,
60,42,51766,74,2,4,2,4,5,,,,,,,,,,,
675,60,55759,84,5,10,3,8,8,,,,,,,,,,,
30,44,33039,4,1,2,0,4,5,,,,,,,,,,,
40,50,37787,50,1,3,0,3,8,,,,,,,,,,,
3,52,27242,2,2,2,0,3,9,,,,,,,,,,,
910,39,87188,73,1,10,2,6,3,,,,,,,,,,,
252,51,69930,21,1,4,5,12,3,,,,,,,,,,,
34,46,37697,82,1,2,1,3,6,,,,,,,,,,,
19,49,37401,14,2,2,0,3,7,,,,,,,,,,,
2,49,3502,56,0,0,0,0,14,,,,,,,,,,,
490,46,58597,20,12,7,4,9,7,,,,,,,,,,,
332,74,82032,54,0,4,6,7,1,,,,,,,,,,,
53,64,28087,77,3,2,2,2,7,,,,,,,,,,,
784,35,74004,5,1,4,6,4,3,,,,,,,,,,,
7,62,19740,65,2,1,1,3,5,,,,,,,,,,,
1171,47,57036,33,4,6,3,13,9,,,,,,,,,,,
215,64,53083,65,6,5,1,5,7,,,,,,,,,,,
674,47,69283,41,4,7,3,13,5,,,,,,,,,,,
57,47,46098,86,4,3,2,2,8,,,,,,,,,,,
5,34,23331,92,2,3,0,3,8,,,,,,,,,,,
104,34,23331,97,6,5,1,5,9,,,,,,,,,,,
9,33,9255,91,1,1,1,2,8,,,,,,,,,,,
431,63,67786,0,1,3,6,6,1,,,,,,,,,,,
1000,51,71969,59,3,3,4,9,8,,,,,,,,,,,
448,55,59235,4,3,11,2,12,7,,,,,,,,,,,
33,33,31928,5,2,3,0,4,7,,,,,,,,,,,
505,61,74881,48,4,9,2,12,5,,,,,,,,,,,
267,44,65819,99,1,5,4,10,3,,,,,,,,,,,
14,69,51411,81,1,0,0,3,5,,,,,,,,,,,
631,58,51983,95,3,9,2,10,7,,,,,,,,,,,
65,36,42386,43,1,3,0,3,8,,,,,,,,,,,
10,35,30390,5,1,2,0,3,6,,,,,,,,,,,
51,59,30983,50,1,4,0,3,8,,,,,,,,,,,
293,65,66033,76,2,8,3,7,7,,,,,,,,,,,
11,47,37284,46,1,0,0,3,6,,,,,,,,,,,
50,71,57530,68,1,1,1,4,1,,,,,,,,,,,
173,57,76800,33,1,4,4,7,1,,,,,,,,,,,
423,66,63943,50,1,6,4,6,5,,,,,,,,,,,
292,60,76081,85,1,4,5,4,2,,,,,,,,,,,
757,48,67445,63,5,9,6,12,6,,,,,,,,,,,
12,55,37054,89,2,1,0,3,7,,,,,,,,,,,
167,60,47175,81,7,4,2,4,8,,,,,,,,,,,
3,46,31859,77,1,1,0,2,7,,,,,,,,,,,
30,61,27215,50,4,2,1,4,6,,,,,,,,,,,
532,46,70179,10,3,7,3,13,5,,,,,,,,,,,
29,39,39922,30,2,3,0,4,8,,,,,,,,,,,
411,46,49681,66,6,7,1,7,7,,,,,,,,,,,
5,34,24645,16,1,1,0,2,8,,,,,,,,,,,
71,68,79865,12,1,5,10,5,1,,,,,,,,,,,
46,37,44322,30,2,3,0,3,8,,,,,,,,,,,
268,70,47958,8,2,6,3,5,5,,,,,,,,,,,
928,58,63972,93,4,5,4,10,4,,,,,,,,,,,
459,68,75315,14,2,5,4,12,2,,,,,,,,,,,
483,72,55517,53,5,11,1,6,9,,,,,,,,,,,
733,65,75283,26,11,6,3,5,4,,,,,,,,,,,
1006,76,82800,23,1,7,6,12,3,,,,,,,,,,,
34,68,38998,92,3,2,0,3,8,,,,,,,,,,,
1156,31,90638,29,1,3,4,10,1,,,,,,,,,,,
7,36,27161,41,1,1,0,3,7,,,,,,,,,,,
244,45,42014,56,6,7,1,6,8,,,,,,,,,,,
233,62,38201,19,4,5,1,5,8,,,,,,,,,,,
35,40,45203,4,1,3,1,3,6,,,,,,,,,,,
1252,75,81574,89,1,4,5,8,1,,,,,,,,,,,
34,30,34935,71,1,2,1,4,7,,,,,,,,,,,
255,46,60482,81,1,7,2,7,7,,,,,,,,,,,
8,66,34633,31,1,1,0,2,6,,,,,,,,,,,
368,75,78093,53,1,4,7,5,1,,,,,,,,,,,
255,72,82460,78,1,5,3,6,1,,,,,,,,,,,
33,56,45903,80,2,2,1,3,4,,,,,,,,,,,
163,35,81361,18,1,3,10,13,1,,,,,,,,,,,
15,49,35860,37,2,1,1,2,5,,,,,,,,,,,
45,70,40442,52,4,3,1,4,7,,,,,,,,,,,
48,57,61482,39,1,3,2,6,2,,,,,,,,,,,
158,42,34968,11,7,3,2,5,7,,,,,,,,,,,
754,35,75794,33,1,7,5,12,3,,,,,,,,,,,
108,60,31497,22,2,3,1,4,8,,,,,,,,,,,
199,67,74268,83,1,4,3,5,2,,,,,,,,,,,
2,34,13724,43,1,2,0,2,9,,,,,,,,,,,
202,57,45143,74,3,6,1,5,7,,,,,,,,,,,
85,55,52569,54,1,2,0,4,3,,,,,,,,,,,
322,49,48432,3,5,7,1,6,8,,,,,,,,,,,
18,62,17144,96,5,3,0,4,7,,,,,,,,,,,
141,38,36108,68,3,7,1,4,9,,,,,,,,,,,
739,51,76445,2,1,2,5,13,6,,,,,,,,,,,
18,47,36663,40,1,1,1,3,2,,,,,,,,,,,
378,57,53843,64,4,8,5,3,7,,,,,,,,,,,
1083,66,90226,26,1,4,7,12,2,,,,,,,,,,,
1016,67,70638,69,1,4,5,10,3,,,,,,,,,,,
23,62,44512,57,2,1,0,3,4,,,,,,,,,,,
12,61,27116,78,2,2,0,3,7,,,,,,,,,,,
35,59,54072,71,1,2,0,2,8,,,,,,,,,,,
548,45,71855,59,4,5,5,11,3,,,,,,,,,,,
342,32,51250,28,5,10,5,4,9,,,,,,,,,,,
365,49,60432,61,5,7,2,5,6,,,,,,,,,,,
397,58,65526,22,1,4,4,8,2,,,,,,,,,,,
456,34,68655,95,1,4,5,11,3,,,,,,,,,,,
5,44,12393,38,1,2,0,3,9,,,,,,,,,,,
836,32,64509,19,1,6,3,9,4,,,,,,,,,,,
100,47,33955,92,4,5,1,5,8,,,,,,,,,,,
10,45,31353,24,2,1,1,2,8,,,,,,,,,,,
238,38,55434,21,3,5,3,13,4,,,,,,,,,,,
6,39,28359,35,1,1,0,2,7,,,,,,,,,,,
158,35,57100,9,2,3,2,7,3,,,,,,,,,,,
86,57,69139,23,1,4,1,5,4,,,,,,,,,,,
856,66,52973,92,7,9,6,9,8,,,,,,,,,,,
98,57,51717,55,1,3,0,4,7,,,,,,,,,,,
4,51,18793,14,3,2,0,4,8,,,,,,,,,,,
398,40,66664,78,1,5,7,6,3,,,,,,,,,,,
313,63,50664,64,9,8,1,6,9,,,,,,,,,,,
109,59,54414,49,4,3,1,5,4,,,,,,,,,,,
216,70,54549,8,2,5,1,4,7,,,,,,,,,,,
595,51,47111,35,6,3,2,10,9,,,,,,,,,,,
123,59,41003,11,1,6,2,8,6,,,,,,,,,,,
16,40,19444,8,3,4,1,2,7,,,,,,,,,,,
11,46,36301,53,1,3,0,3,7,,,,,,,,,,,
410,75,73059,36,1,9,3,13,4,,,,,,,,,,,
159,53,42731,64,3,4,1,5,5,,,,,,,,,,,
105,63,52854,43,2,2,1,4,5,,,,,,,,,,,
5,44,22775,40,1,1,0,2,8,,,,,,,,,,,
269,74,46681,52,2,4,6,4,5,,,,,,,,,,,
629,67,59821,11,6,11,2,7,8,,,,,,,,,,,
443,68,50002,21,2,8,2,7,7,,,,,,,,,,,
217,77,69755,23,1,3,6,12,1,,,,,,,,,,,
24,53,44078,17,2,2,0,3,5,,,,,,,,,,,
9,46,30560,6,1,1,0,3,7,,,,,,,,,,,
8,53,35924,56,1,1,0,3,5,,,,,,,,,,,
1459,58,64140,71,5,2,5,6,5,,,,,,,,,,,
230,41,56386,51,8,9,1,7,9,,,,,,,,,,,
1,43,24594,94,1,1,0,3,5,,,,,,,,,,,
340,41,75774,27,1,7,5,8,4,,,,,,,,,,,
7,62,39228,1,1,0,0,3,4,,,,,,,,,,,
298,48,58494,56,2,6,2,6,6,,,,,,,,,,,
479,41,58684,71,1,5,3,12,2,,,,,,,,,,,
267,55,57136,18,1,7,5,7,6,,,,,,,,,,,
67,72,56551,48,3,2,1,4,4,,,,,,,,,,,
3,40,22448,86,3,2,1,3,3,,,,,,,,,,,
980,61,82014,48,1,3,6,12,6,,,,,,,,,,,
50,59,34213,2,3,3,1,2,9,,,,,,,,,,,
1,45,157146,13,0,0,28,0,1,,,,,,,,,,,
19,75,25358,57,2,1,0,3,6,,,,,,,,,,,
30,44,35544,77,1,2,0,3,7,,,,,,,,,,,
213,68,36634,0,3,5,2,5,7,,,,,,,,,,,
539,68,62670,57,1,5,3,13,3,,,,,,,,,,,
284,50,50334,24,6,7,4,6,6,,,,,,,,,,,
1003,41,72066,55,1,4,6,6,2,,,,,,,,,,,
239,64,50729,62,9,6,2,7,6,,,,,,,,,,,
51,54,34916,89,4,5,1,3,9,,,,,,,,,,,
527,46,64892,77,2,6,4,12,4,,,,,,,,,,,
19,56,43602,45,3,3,1,2,6,,,,,,,,,,,
40,33,33996,46,1,1,1,3,4,,,,,,,,,,,
21,37,41473,80,1,2,0,3,7,,,,,,,,,,,
593,55,63246,60,1,6,3,12,4,,,,,,,,,,,
21,63,36732,71,3,1,1,4,2,,,,,,,,,,,
1181,52,69084,43,2,7,3,13,8,,,,,,,,,,,
1004,55,77766,97,2,11,10,11,6,,,,,,,,,,,
202,37,37929,49,2,4,2,5,7,,,,,,,,,,,
446,71,86610,66,1,5,6,6,2,,,,,,,,,,,
1184,36,80141,20,1,7,4,10,6,,,,,,,,,,,
390,67,72635,54,1,6,8,6,3,,,,,,,,,,,
726,52,69016,61,4,8,9,13,5,,,,,,,,,,,
8,31,20193,18,1,1,1,4,4,,,,,,,,,,,
50,47,27573,45,4,5,1,4,8,,,,,,,,,,,
1,43,15862,26,1,1,0,3,8,,,,,,,,,,,
308,46,49544,0,2,5,1,8,7,,,,,,,,,,,
22,42,33228,28,1,2,0,3,7,,,,,,,,,,,
690,44,70440,49,1,5,10,7,3,,,,,,,,,,,
43,51,38232,84,4,3,1,3,5,,,,,,,,,,,
27,67,22554,38,4,2,0,4,5,,,,,,,,,,,
6,39,23536,53,1,0,0,3,3,,,,,,,,,,,
205,70,49413,88,2,4,2,5,5,,,,,,,,,,,
24,53,42231,99,1,1,0,3,5,,,,,,,,,,,
667,42,78789,12,1,4,6,5,2,,,,,,,,,,,
691,54,56534,35,4,10,4,7,8,,,,,,,,,,,
493,51,58350,5,4,8,3,12,6,,,,,,,,,,,
493,33,81217,77,1,3,7,11,1,,,,,,,,,,,
494,71,49090,45,3,7,2,9,7,,,,,,,,,,,
621,35,61787,71,1,8,4,6,5,,,,,,,,,,,
9,37,18169,40,1,1,0,2,8,,,,,,,,,,,
1,41,24336,82,1,1,0,2,7,,,,,,,,,,,
12,32,18222,70,1,2,0,3,8,,,,,,,,,,,
243,70,62335,87,2,3,3,13,2,,,,,,,,,,,
11,51,42033,95,1,1,0,2,7,,,,,,,,,,,
532,39,86580,72,0,4,2,5,1,,,,,,,,,,,
29,65,41437,5,1,1,0,3,7,,,,,,,,,,,
612,71,73705,86,2,9,6,8,5,,,,,,,,,,,
387,46,61064,80,5,8,4,11,6,,,,,,,,,,,
56,67,38452,62,3,3,0,3,7,,,,,,,,,,,
6,33,18358,49,3,3,0,4,7,,,,,,,,,,,
582,49,55012,85,6,8,2,9,5,,,,,,,,,,,
6,49,9722,7,4,3,1,3,8,,,,,,,,,,,
70,38,38175,6,3,3,1,4,7,,,,,,,,,,,
962,66,58656,25,4,7,8,13,6,,,,,,,,,,,
112,57,52117,55,2,5,2,4,7,,,,,,,,,,,
293,44,64813,81,1,7,2,10,5,,,,,,,,,,,
199,49,54222,98,1,3,3,5,3,,,,,,,,,,,
1060,36,83512,31,1,4,7,10,1,,,,,,,,,,,
940,63,77520,30,1,8,7,7,4,,,,,,,,,,,
44,44,41154,98,1,1,0,4,5,,,,,,,,,,,
342,56,80398,92,1,5,8,12,3,,,,,,,,,,,
2,30,18746,41,2,3,0,3,6,,,,,,,,,,,
75,38,35196,68,6,6,1,5,8,,,,,,,,,,,
520,66,60230,78,2,6,3,6,5,,,,,,,,,,,
5,45,22108,46,2,2,0,3,7,,,,,,,,,,,
87,48,44392,71,5,4,1,4,7,,,,,,,,,,,
462,46,55424,6,4,7,5,9,6,,,,,,,,,,,
2,43,17688,82,1,1,0,2,8,,,,,,,,,,,
979,39,92491,71,1,7,5,12,3,,,,,,,,,,,
704,31,90273,32,1,5,6,7,2,,,,,,,,,,,
861,60,82571,28,0,6,5,13,2,,,,,,,,,,,
172,40,38513,20,5,6,1,5,8,,,,,,,,,,,
5,43,16653,10,3,2,1,3,6,,,,,,,,,,,
194,67,42586,7,5,4,1,6,8,,,,,,,,,,,
9,57,23529,67,1,1,1,2,6,,,,,,,,,,,
505,61,74881,48,4,9,2,12,5,,,,,,,,,,,
533,71,71107,61,2,7,6,13,4,,,,,,,,,,,
48,58,46910,36,2,2,0,3,6,,,,,,,,,,,
6,63,18690,77,1,1,1,2,8,,,,,,,,,,,
18,67,37244,90,1,1,1,2,7,,,,,,,,,,,
482,56,82427,35,1,3,5,12,1,,,,,,,,,,,
204,64,75342,38,1,5,2,10,4,,,,,,,,,,,
1073,68,70044,46,4,7,10,5,5,,,,,,,,,,,
245,55,79146,33,2,8,1,8,6,,,,,,,,,,,
560,59,77437,70,1,4,5,13,1,,,,,,,,,,,
173,63,54984,51,4,6,1,6,7,,,,,,,,,,,
22,51,42403,18,1,1,0,3,8,,,,,,,,,,,
136,58,55761,97,2,4,1,3,6,,,,,,,,,,,
275,39,37292,32,5,6,3,5,8,,,,,,,,,,,
56,77,45576,9,1,3,1,3,8,,,,,,,,,,,
303,75,70321,6,1,6,5,13,4,,,,,,,,,,,
708,53,58086,80,2,11,3,7,8,,,,,,,,,,,
324,70,81795,74,1,4,11,7,2,,,,,,,,,,,
1,75,28389,49,1,1,0,2,7,,,,,,,,,,,
620,76,66835,21,1,6,4,13,2,,,,,,,,,,,
312,53,69901,95,3,7,3,10,5,,,,,,,,,,,
1493,73,80360,56,2,4,4,5,2,,,,,,,,,,,
918,61,63342,48,3,8,3,5,6,,,,,,,,,,,
98,48,44989,26,5,5,1,5,6,,,,,,,,,,,
3,42,31859,3,1,1,0,3,7,,,,,,,,,,,
380,73,51569,39,4,7,1,7,8,,,,,,,,,,,
15,51,30372,33,3,2,0,3,7,,,,,,,,,,,
3,43,16014,42,4,1,1,4,3,,,,,,,,,,,
24,54,41120,80,3,2,1,3,6,,,,,,,,,,,
80,51,39763,9,2,5,1,2,9,,,,,,,,,,,
31,67,38725,52,2,1,0,4,4,,,,,,,,,,,
138,50,77981,78,3,7,4,7,5,,,,,,,,,,,
166,58,62905,68,3,7,2,8,4,,,,,,,,,,,
12,43,13533,45,2,2,0,3,7,,,,,,,,,,,
178,47,59481,47,2,3,3,8,2,,,,,,,,,,,
707,45,72117,34,1,9,7,9,5,,,,,,,,,,,
5,36,21955,81,2,2,1,3,6,,,,,,,,,,,
465,66,67131,72,3,9,2,12,6,,,,,,,,,,,
16,42,36802,23,1,1,0,3,5,,,,,,,,,,,
358,40,71853,29,1,2,8,6,1,,,,,,,,,,,
1,61,28249,80,1,2,0,3,6,,,,,,,,,,,
123,47,47808,30,2,3,2,3,7,,,,,,,,,,,
40,48,25509,15,3,3,0,3,9,,,,,,,,,,,
102,76,51012,86,1,4,1,4,6,,,,,,,,,,,
347,37,70596,68,1,3,5,12,2,,,,,,,,,,,
376,70,85431,54,1,2,7,7,0,,,,,,,,,,,
21,55,42664,44,1,1,0,3,6,,,,,,,,,,,
194,67,42586,7,5,4,1,6,8,,,,,,,,,,,
64,37,29760,87,4,3,1,4,8,,,,,,,,,,,
206,45,28973,59,2,5,1,5,8,,,,,,,,,,,
71,49,39435,16,1,3,1,2,7,,,,,,,,,,,
71,38,65370,1,1,2,3,13,1,,,,,,,,,,,
0,43,20194,64,2,2,0,3,6,,,,,,,,,,,
93,46,42473,72,3,2,1,4,5,,,,,,,,,,,
920,54,64590,98,1,9,4,10,6,,,,,,,,,,,
653,63,71232,91,2,11,2,10,7,,,,,,,,,,,
199,51,34600,8,5,5,2,5,8,,,,,,,,,,,
153,55,46904,20,4,5,1,4,8,,,,,,,,,,,
376,49,49094,6,5,6,3,6,6,,,,,,,,,,,
46,39,36075,54,1,2,0,4,6,,,,,,,,,,,
600,43,60839,72,13,2,2,12,8,,,,,,,,,,,
425,43,77298,46,1,6,6,11,3,,,,,,,,,,,
18,72,34026,11,3,2,1,3,5,,,,,,,,,,,
52,59,48918,21,2,1,0,4,4,,,,,,,,,,,
734,60,82122,89,1,3,9,13,1,,,,,,,,,,,
34,46,37697,82,1,2,1,3,6,,,,,,,,,,,
135,70,34074,69,5,3,3,3,6,,,,,,,,,,,
11,62,28520,55,1,1,1,2,6,,,,,,,,,,,
163,67,62535,13,1,3,2,8,3,,,,,,,,,,,
29,45,36273,80,2,3,0,3,6,,,,,,,,,,,
734,58,63404,97,2,6,3,4,4,,,,,,,,,,,
340,41,75774,27,1,7,5,8,4,,,,,,,,,,,
453,46,78416,99,2,7,7,10,3,,,,,,,,,,,
1073,48,75702,87,1,10,5,13,6,,,,,,,,,,,
135,71,59385,85,2,3,1,4,5,,,,,,,,,,,
231,56,37070,30,9,5,1,8,7,,,,,,,,,,,
18,71,44689,82,2,1,1,2,7,,,,,,,,,,,
620,64,53977,21,5,5,5,12,5,,,,,,,,,,,
81,56,7144,92,0,23,1,1,0,,,,,,,,,,,
12,58,18701,95,4,2,0,4,5,,,,,,,,,,,
292,66,90369,2,1,4,6,6,1,,,,,,,,,,,
965,48,63159,74,1,3,5,8,3,,,,,,,,,,,
27,56,37758,49,2,1,0,3,8,,,,,,,,,,,
777,59,46757,71,6,4,4,7,9,,,,,,,,,,,
572,53,79734,72,1,4,3,6,1,,,,,,,,,,,
438,30,63207,68,1,2,3,6,7,,,,,,,,,,,
531,68,72071,4,3,5,4,8,2,,,,,,,,,,,
17,39,21840,80,1,1,0,3,9,,,,,,,,,,,
402,40,58582,15,2,9,2,9,5,,,,,,,,,,,
503,71,72282,70,1,5,7,9,7,,,,,,,,,,,
369,66,50387,91,3,6,2,8,5,,,,,,,,,,,
5,61,32583,10,1,1,0,2,7,,,,,,,,,,,
362,60,62568,99,3,5,3,5,4,,,,,,,,,,,
56,51,44635,25,2,2,0,3,7,,,,,,,,,,,
79,51,33316,34,3,2,1,4,6,,,,,,,,,,,
387,54,63967,57,3,4,4,12,2,,,,,,,,,,,
367,44,52513,84,2,9,5,9,7,,,,,,,,,,,
15,53,25293,51,1,1,1,2,8,,,,,,,,,,,
267,57,54111,97,2,5,2,6,5,,,,,,,,,,,
298,36,78394,13,1,4,6,5,2,,,,,,,,,,,
674,64,80739,92,1,3,11,9,1,,,,,,,,,,,
16,47,22669,30,3,4,1,2,9,,,,,,,,,,,
37,35,29236,30,2,4,0,3,9,,,,,,,,,,,
159,63,44911,11,3,4,1,4,7,,,,,,,,,,,
686,60,54693,72,8,6,4,13,6,,,,,,,,,,,
97,48,48186,39,3,4,1,4,7,,,,,,,,,,,
63,45,54809,0,4,2,1,5,4,,,,,,,,,,,
56,44,41580,15,3,2,1,3,5,,,,,,,,,,,
209,52,80336,12,1,2,9,13,1,,,,,,,,,,,
198,65,47743,56,3,4,1,6,6,,,,,,,,,,,
313,67,62972,39,2,7,4,3,6,,,,,,,,,,,
941,68,57333,55,11,8,5,9,6,,,,,,,,,,,
86,40,32313,60,3,4,0,4,9,,,,,,,,,,,
167,69,84953,73,1,3,10,4,2,,,,,,,,,,,
8,54,27071,90,2,2,0,3,6,,,,,,,,,,,
389,65,68148,86,1,4,4,6,2,,,,,,,,,,,
239,57,65735,37,5,6,2,6,7,,,,,,,,,,,
179,47,86836,7,1,6,10,6,5,,,,,,,,,,,
5,59,4023,29,15,0,0,0,19,,,,,,,,,,,
2,32,30093,19,1,2,0,3,7,,,,,,,,,,,
383,56,57705,14,3,8,1,6,6,,,,,,,,,,,
2,34,25008,72,2,1,0,3,8,,,,,,,,,,,
536,27,83257,56,1,5,10,12,6,,,,,,,,,,,
2,47,22280,85,1,1,0,2,8,,,,,,,,,,,
322,44,72159,62,1,4,6,10,2,,,,,,,,,,,
539,61,64260,1,1,4,5,4,3,,,,,,,,,,,
712,38,82733,28,1,8,4,7,4,,,,,,,,,,,
1121,51,74290,70,4,10,8,10,6,,,,,,,,,,,
68,71,58217,84,1,2,0,4,6,,,,,,,,,,,
36,46,21024,89,1,2,0,4,7,,,,,,,,,,,
707,50,70116,73,1,2,8,12,1,,,,,,,,,,,
174,37,54006,42,2,8,1,7,7,,,,,,,,,,,
666,56,69063,16,1,5,3,5,3,,,,,,,,,,,
0,47,11448,16,1,1,0,2,6,,,,,,,,,,,
162,43,61825,56,1,4,2,8,4,,,,,,,,,,,
407,51,70886,65,1,5,4,4,2,,,,,,,,,,,
823,40,69109,10,1,6,6,7,4,,,,,,,,,,,
488,49,60208,13,11,8,3,7,7,,,,,,,,,,,
28,54,32889,78,3,2,1,3,5,,,,,,,,,,,
3,38,34738,51,1,1,0,3,6,,,,,,,,,,,
284,51,30538,27,4,9,0,4,10,,,,,,,,,,,
938,45,82326,30,1,5,10,6,2,,,,,,,,,,,
13,55,26642,71,2,2,0,3,6,,,,,,,,,,,
412,58,69932,97,2,7,6,11,4,,,,,,,,,,,
31,50,44503,83,2,2,0,3,6,,,,,,,,,,,
502,74,60200,3,6,6,2,11,6,,,,,,,,,,,
18,70,49638,71,1,1,0,3,2,,,,,,,,,,,
1,35,23830,3,1,1,0,3,7,,,,,,,,,,,
100,63,33051,15,3,9,1,8,9,,,,,,,,,,,
407,64,72905,52,1,3,7,9,1,,,,,,,,,,,
664,71,69702,8,2,7,7,10,4,,,,,,,,,,,
1045,47,70300,89,3,5,5,13,8,,,,,,,,,,,
1218,38,70643,66,1,5,8,4,6,,,,,,,,,,,
15,53,30396,22,2,1,1,2,7,,,,,,,,,,,
128,54,50616,56,2,4,0,4,7,,,,,,,,,,,
581,53,62772,74,1,5,6,11,2,,,,,,,,,,,
6,37,30298,48,1,1,1,3,3,,,,,,,,,,,
185,38,52413,67,2,7,1,7,7,,,,,,,,,,,
22,65,44155,24,1,1,1,2,4,,,,,,,,,,,
584,51,86979,67,1,5,5,5,2,,,,,,,,,,,
355,47,76532,38,4,9,5,7,5,,,,,,,,,,,
175,40,42081,86,2,6,3,4,6,,,,,,,,,,,
864,34,67546,90,1,4,10,5,3,,,,,,,,,,,
957,33,88420,87,1,4,7,8,1,,,,,,,,,,,
25,37,31158,62,2,2,0,3,8,,,,,,,,,,,
641,54,61671,23,8,10,4,6,8,,,,,,,,,,,
273,48,69719,99,1,2,3,5,1,,,,,,,,,,,
122,73,49160,29,2,3,1,6,6,,,,,,,,,,,
1,44,24882,52,1,1,1,2,6,,,,,,,,,,,
1020,68,90933,90,1,4,6,4,1,,,,,,,,,,,
6,77,113734,9,0,27,0,0,1,,,,,,,,,,,
378,72,59292,71,2,3,5,8,3,,,,,,,,,,,
42,58,45759,13,2,2,0,3,7,,,,,,,,,,,
15,39,22148,16,1,1,0,3,7,,,,,,,,,,,
272,35,73395,94,1,4,4,6,2,,,,,,,,,,,
9,51,29819,77,3,3,0,3,6,,,,,,,,,,,
279,54,45688,20,2,3,1,8,4,,,,,,,,,,,
398,68,62820,51,1,3,4,6,1,,,,,,,,,,,
637,51,60491,81,4,6,11,7,5,,,,,,,,,,,
45,36,33235,71,1,3,0,3,7,,,,,,,,,,,
21,63,35701,36,1,1,0,3,6,,,,,,,,,,,
15,42,31535,95,1,1,1,2,7,,,,,,,,,,,
493,62,92556,32,0,3,5,13,0,,,,,,,,,,,
957,52,67384,32,2,7,8,5,5,,,,,,,,,,,
829,51,80573,85,1,4,6,13,2,,,,,,,,,,,
1017,55,77870,93,3,5,5,5,8,,,,,,,,,,,
953,59,52278,24,6,10,5,10,8,,,,,,,,,,,
159,54,57107,44,7,4,4,8,8,,,,,,,,,,,
32,32,18929,15,1,1,0,4,6,,,,,,,,,,,
23,41,36038,82,2,3,0,3,6,,,,,,,,,,,
18,46,20180,27,1,2,1,4,7,,,,,,,,,,,
15,57,34230,72,1,1,0,2,7,,,,,,,,,,,
23,45,31878,7,1,1,0,4,3,,,,,,,,,,,
200,50,70932,57,2,6,2,12,3,,,,,,,,,,,
1324,66,91249,84,0,7,9,6,4,,,,,,,,,,,
1193,79,77598,53,1,7,5,13,3,,,,,,,,,,,
505,63,80982,48,3,11,5,11,5,,,,,,,,,,,
2,45,22701,2,1,1,0,3,5,,,,,,,,,,,
1103,53,55212,65,3,4,2,11,8,,,,,,,,,,,
353,52,70617,45,1,3,3,7,2,,,,,,,,,,,
652,65,64849,42,1,9,3,6,5,,,,,,,,,,,
379,57,62694,29,5,9,3,7,7,,,,,,,,,,,
46,48,61917,83,1,2,0,4,5,,,,,,,,,,,
162,75,67472,93,2,4,2,7,3,,,,,,,,,,,
8,40,21059,40,3,3,0,3,6,,,,,,,,,,,
17,54,29543,47,2,3,1,2,7,,,,,,,,,,,
340,71,75903,50,2,6,6,9,3,,,,,,,,,,,
8,47,34984,40,2,1,0,3,7,,,,,,,,,,,
154,66,54998,3,5,4,2,9,4,,,,,,,,,,,
710,73,54356,62,3,11,2,8,8,,,,,,,,,,,
8,63,34242,25,1,0,0,3,5,,,,,,,,,,,
2,49,25410,48,1,1,0,4,4,,,,,,,,,,,
1050,38,73356,56,1,5,11,5,2,,,,,,,,,,,
19,72,28320,68,1,1,0,3,8,,,,,,,,,,,
22,45,23763,64,1,1,0,3,7,,,,,,,,,,,
274,38,72570,67,1,4,6,12,1,,,,,,,,,,,
68,46,34529,94,2,2,2,3,7,,,,,,,,,,,
344,71,70792,82,2,3,4,10,3,,,,,,,,,,,
145,40,63211,3,2,3,8,7,2,,,,,,,,,,,
217,48,83891,24,1,4,7,10,1,,,,,,,,,,,
18,54,36065,54,3,3,0,3,8,,,,,,,,,,,
69,68,39898,20,2,3,0,4,7,,,,,,,,,,,
144,82,51141,96,1,3,1,4,5,,,,,,,,,,,
256,46,56939,19,2,3,3,10,3,,,,,,,,,,,
483,71,80872,60,1,4,4,10,1,,,,,,,,,,,
1285,46,72335,2,1,10,4,8,8,,,,,,,,,,,
338,58,61798,13,1,4,2,9,4,,,,,,,,,,,
605,72,76842,37,1,1,8,7,0,,,,,,,,,,,
8,46,29478,59,1,1,0,3,6,,,,,,,,,,,
172,66,46998,55,5,5,3,5,7,,,,,,,,,,,
448,32,96843,60,1,6,11,10,2,,,,,,,,,,,
67,72,56551,48,3,2,1,4,4,,,,,,,,,,,
512,57,70053,38,3,8,5,10,5,,,,,,,,,,,
1462,60,71670,8,1,5,3,6,6,,,,,,,,,,,
20,44,44359,19,3,2,0,4,3,,,,,,,,,,,
50,70,40887,32,3,3,1,3,9,,,,,,,,,,,
102,56,48877,27,1,3,0,4,7,,,,,,,,,,,
499,75,74485,58,1,6,7,12,3,,,,,,,,,,,
381,50,64474,59,2,8,2,10,5,,,,,,,,,,,
631,59,77226,29,2,6,8,12,3,,,,,,,,,,,
526,73,72643,60,1,3,10,7,2,,,,,,,,,,,
913,44,85738,41,1,3,6,11,1,,,,,,,,,,,
673,56,55686,27,2,6,3,5,4,,,,,,,,,,,
23,39,39062,28,1,1,0,3,4,,,,,,,,,,,
199,51,34600,8,5,5,2,5,8,,,,,,,,,,,
261,47,40794,18,2,6,3,5,7,,,,,,,,,,,
111,51,54690,76,3,3,1,5,3,,,,,,,,,,,
16,53,4428,0,0,25,0,0,1,,,,,,,,,,,
63,59,32632,32,2,4,4,8,5,,,,,,,,,,,
58,54,38236,2,4,3,0,4,7,,,,,,,,,,,
29,43,36781,16,1,2,1,2,8,,,,,,,,,,,
3,38,31385,56,1,1,0,2,8,,,,,,,,,,,
28,38,24570,97,3,4,0,4,9,,,,,,,,,,,
40,48,25509,15,3,3,0,3,9,,,,,,,,,,,
879,71,94642,35,0,5,7,9,1,,,,,,,,,,,
62,60,58646,3,1,2,1,4,4,,,,,,,,,,,
280,47,53201,49,8,6,3,5,7,,,,,,,,,,,
9,65,21994,4,1,0,0,3,5,,,,,,,,,,,
182,44,57113,45,6,4,1,5,7,,,,,,,,,,,
83,31,51373,37,1,3,5,3,4,,,,,,,,,,,
38,36,23477,39,3,3,0,4,8,,,,,,,,,,,
228,66,58116,38,2,3,3,8,2,,,,,,,,,,,
1092,59,72968,8,1,5,5,8,3,,,,,,,,,,,
85,51,39791,89,2,3,1,4,7,,,,,,,,,,,
1276,75,91712,47,0,9,7,11,3,,,,,,,,,,,
1017,64,94472,75,1,5,5,5,5,,,,,,,,,,,
6,62,13672,86,2,1,0,3,8,,,,,,,,,,,
448,42,96547,4,0,7,6,8,2,,,,,,,,,,,
504,47,79205,73,1,6,5,4,4,,,,,,,,,,,
226,47,56559,46,3,4,3,8,4,,,,,,,,,,,
239,49,32644,38,4,7,1,6,8,,,,,,,,,,,
90,42,67506,73,1,4,1,6,3,,,,,,,,,,,
7,52,24206,66,1,1,0,3,6,,,,,,,,,,,
4,55,28420,36,1,1,0,2,6,,,,,,,,,,,
16,52,22979,29,3,3,2,2,8,,,,,,,,,,,
10,56,33279,29,1,0,0,3,3,,,,,,,,,,,
68,50,46423,6,3,2,0,4,7,,,,,,,,,,,
35,45,30368,97,2,2,0,3,8,,,,,,,,,,,
575,52,63684,61,3,8,4,8,5,,,,,,,,,,,
315,58,41638,68,4,5,5,3,8,,,,,,,,,,,
182,63,68805,73,1,3,1,7,2,,,,,,,,,,,
561,56,65814,90,3,8,2,10,5,,,,,,,,,,,
587,64,71964,81,1,5,6,5,3,,,,,,,,,,,
94,36,39146,1,3,4,0,4,8,,,,,,,,,,,
908,45,96876,79,1,7,7,9,2,,,,,,,,,,,
228,41,34445,92,6,11,2,8,9,,,,,,,,,,,
995,64,68281,31,1,2,9,13,5,,,,,,,,,,,
11,47,37284,46,1,0,0,3,6,,,,,,,,,,,
3,39,36790,14,1,2,1,2,9,,,,,,,,,,,
12,55,27943,89,3,2,0,3,8,,,,,,,,,,,
17,71,22263,31,2,1,0,3,6,,,,,,,,,,,
8,50,30261,75,1,0,0,3,8,,,,,,,,,,,
22,44,28587,42,3,2,0,4,6,,,,,,,,,,,
14,40,43815,53,1,2,0,3,6,,,,,,,,,,,
106,66,48195,53,6,4,2,5,6,,,,,,,,,,,
820,70,77027,23,2,8,3,6,4,,,,,,,,,,,
753,57,71322,57,2,8,5,13,4,,,,,,,,,,,
13,43,32765,49,2,2,0,4,5,,,,,,,,,,,
9,57,29672,6,1,0,0,3,6,,,,,,,,,,,
19,69,23272,29,1,1,0,3,4,,,,,,,,,,,
520,73,49912,5,4,10,5,7,8,,,,,,,,,,,
5,37,7500,98,4,2,1,3,9,,,,,,,,,,,
618,75,68117,80,2,11,8,4,6,,,,,,,,,,,
315,67,67225,4,3,7,2,11,5,,,,,,,,,,,
15,46,17649,70,3,3,0,3,8,,,,,,,,,,,
384,47,55914,32,4,11,6,8,7,,,,,,,,,,,
110,38,40059,82,1,6,2,3,8,,,,,,,,,,,
208,72,60905,27,2,3,3,7,2,,,,,,,,,,,
555,45,75330,94,4,10,3,12,6,,,,,,,,,,,
240,71,60689,23,4,4,4,10,3,,,,,,,,,,,
11,38,38680,97,1,2,0,3,7,,,,,,,,,,,
848,40,61416,25,1,10,3,10,6,,,,,,,,,,,
202,31,49767,92,1,5,4,8,4,,,,,,,,,,,
433,52,83273,98,10,4,6,9,7,,,,,,,,,,,
6,41,29009,19,2,2,0,3,6,,,,,,,,,,,
37,43,45057,80,1,2,0,3,5,,,,,,,,,,,
167,51,37150,80,8,4,3,6,7,,,,,,,,,,,
45,52,43020,79,3,4,1,4,6,,,,,,,,,,,
129,63,53154,50,1,3,1,4,4,,,,,,,,,,,
713,49,65308,60,1,7,8,12,4,,,,,,,,,,,
676,52,76467,44,2,2,5,5,6,,,,,,,,,,,
450,75,81044,0,1,5,6,10,1,,,,,,,,,,,
22,71,32871,28,1,1,0,3,4,,,,,,,,,,,
367,47,55801,35,6,7,2,6,7,,,,,,,,,,,
526,63,76320,49,2,6,3,4,2,,,,,,,,,,,
51,67,36927,46,2,3,0,3,8,,,,,,,,,,,
25,69,48794,97,1,1,0,3,4,,,,,,,,,,,
28,57,23478,51,1,3,0,3,8,,,,,,,,,,,
958,49,71128,80,3,2,10,12,7,,,,,,,,,,,
532,46,70179,10,3,7,3,13,5,,,,,,,,,,,
724,72,59462,29,2,9,2,12,7,,,,,,,,,,,
39,53,38361,74,3,3,1,3,7,,,,,,,,,,,
587,40,70038,54,1,4,4,8,2,,,,,,,,,,,
29,44,42554,93,2,2,0,3,4,,,,,,,,,,,
757,48,67445,63,5,9,6,12,6,,,,,,,,,,,
544,71,67046,92,2,4,5,4,2,,,,,,,,,,,
40,74,42192,40,1,2,1,3,4,,,,,,,,,,,
1245,70,77610,70,2,4,7,4,7,,,,,,,,,,,
19,38,31761,96,2,3,0,4,5,,,,,,,,,,,
16,43,34350,81,1,1,0,3,7,,,,,,,,,,,
376,73,54591,63,3,6,2,8,5,,,,,,,,,,,
184,66,71866,85,1,6,3,10,3,,,,,,,,,,,
15,53,25293,51,1,1,1,2,8,,,,,,,,,,,
124,35,42000,23,2,5,2,11,5,,,,,,,,,,,
627,39,69520,95,1,9,6,5,5,,,,,,,,,,,
180,52,64713,11,2,5,5,7,4,,,,,,,,,,,
14,45,27889,42,1,1,1,2,6,,,,,,,,,,,
3,62,22123,77,1,2,1,3,5,,,,,,,,,,,
8,49,27803,40,2,3,0,4,8,,,,,,,,,,,
293,62,51651,32,4,6,2,5,8,,,,,,,,,,,
758,34,68487,48,1,9,7,13,4,,,,,,,,,,,
656,53,56796,24,3,8,9,7,7,,,,,,,,,,,
196,30,87000,61,1,4,6,7,2,,,,,,,,,,,
835,63,79823,6,1,6,9,7,2,,,,,,,,,,,
16,42,30828,16,2,1,1,4,3,,,,,,,,,,,
9,51,34109,39,1,0,0,3,4,,,,,,,,,,,
229,48,53367,2,7,5,1,8,7,,,,,,,,,,,
0,53,22390,49,1,1,0,2,7,,,,,,,,,,,
121,46,71322,31,1,4,1,7,2,,,,,,,,,,,
471,29,79244,58,1,4,10,7,1,,,,,,,,,,,
520,73,49912,5,4,10,5,7,8,,,,,,,,,,,
26,72,48699,90,1,1,0,3,5,,,,,,,,,,,
240,47,80144,47,1,3,7,8,1,,,,,,,,,,,
178,66,54252,25,5,4,1,5,6,,,,,,,,,,,
1486,46,81929,60,2,4,4,10,6,,,,,,,,,,,
1115,47,76068,67,1,2,3,4,6,,,,,,,,,,,
29,46,53204,40,1,1,0,3,4,,,,,,,,,,,
529,73,67911,63,3,6,7,11,3,,,,,,,,,,,
13,38,14796,1,2,1,0,3,9,,,,,,,,,,,
934,48,78128,89,2,8,4,6,3,,,,,,,,,,,
2,50,14188,40,1,2,0,4,6,,,,,,,,,,,
4,36,20425,5,2,2,0,3,7,,,,,,,,,,,
62,60,58646,3,1,2,1,4,4,,,,,,,,,,,
158,52,72967,1,2,7,2,8,5,,,,,,,,,,,
173,73,48150,24,3,5,1,4,7,,,,,,,,,,,
830,61,82332,89,1,5,3,12,2,,,,,,,,,,,
189,67,58275,48,6,8,2,7,7,,,,,,,,,,,
728,41,44953,31,1,7,3,13,6,,,,,,,,,,,
7,69,34587,68,2,1,0,3,4,,,,,,,,,,,
35,48,43018,46,1,2,2,2,5,,,,,,,,,,,
188,68,45736,92,5,7,1,6,7,,,,,,,,,,,
742,53,66476,80,2,6,8,10,4,,,,,,,,,,,
0,41,27733,16,2,2,0,3,7,,,,,,,,,,,
750,70,69805,50,2,6,8,11,2,,,,,,,,,,,
816,60,72217,93,1,3,10,8,2,,,,,,,,,,,
5,51,25818,51,1,0,1,2,7,,,,,,,,,,,
37,46,37509,24,2,3,0,4,7,,,,,,,,,,,
4,46,25176,79,1,1,0,2,7,,,,,,,,,,,
99,42,43586,26,3,3,0,4,8,,,,,,,,,,,
176,66,53230,86,4,5,2,12,5,,,,,,,,,,,
54,65,50116,68,2,1,0,4,5,,,,,,,,,,,
997,50,84906,98,1,5,6,12,2,,,,,,,,,,,
356,56,61286,34,2,7,1,8,5,,,,,,,,,,,
1311,36,82333,60,1,4,3,10,2,,,,,,,,,,,
890,57,65220,3,4,8,4,7,6,,,,,,,,,,,
4,48,33590,65,1,1,0,2,7,,,,,,,,,,,
17,46,30992,83,1,1,0,3,7,,,,,,,,,,,
960,46,72309,64,1,5,6,8,3,,,,,,,,,,,
2,73,156924,85,0,0,0,0,0,,,,,,,,,,,
1,42,16005,69,3,2,1,2,8,,,,,,,,,,,
240,65,65487,48,3,3,5,6,2,,,,,,,,,,,
301,57,58692,21,1,8,2,4,7,,,,,,,,,,,
154,53,40590,30,5,3,4,3,6,,,,,,,,,,,
2,52,20587,39,1,1,1,2,7,,,,,,,,,,,
104,68,62637,76,1,2,2,5,2,,,,,,,,,,,
70,56,29435,11,4,3,2,2,9,,,,,,,,,,,
2,48,19346,26,1,1,0,3,8,,,,,,,,,,,
23,51,35788,34,2,2,0,3,6,,,,,,,,,,,
43,54,36997,72,5,2,1,4,5,,,,,,,,,,,
4,65,23539,13,1,2,0,4,6,,,,,,,,,,,
654,49,65333,58,7,9,4,8,6,,,,,,,,,,,
912,65,78499,12,1,11,3,4,4,,,,,,,,,,,
25,51,29732,23,1,2,0,2,9,,,,,,,,,,,
24,62,41275,33,4,3,1,3,5,,,,,,,,,,,
141,49,63516,30,4,4,1,7,5,,,,,,,,,,,
71,60,42769,15,2,1,1,4,4,,,,,,,,,,,
35,64,49572,25,2,2,0,3,7,,,,,,,,,,,
496,50,69209,4,2,5,3,6,4,,,,,,,,,,,
9,46,17148,80,4,3,1,3,8,,,,,,,,,,,
154,53,40590,30,5,3,4,3,6,,,,,,,,,,,
9,46,30560,6,1,1,0,3,7,,,,,,,,,,,
26,39,32146,16,2,2,0,4,6,,,,,,,,,,,
77,58,41713,57,5,3,1,4,6,,,,,,,,,,,
11,47,34176,9,1,1,0,3,3,,,,,,,,,,,
576,67,58482,59,2,7,4,9,6,,,,,,,,,,,
89,57,59686,78,1,4,1,6,4,,,,,,,,,,,
1013,58,60896,90,3,9,10,4,6,,,,,,,,,,,
224,42,62994,74,1,6,2,4,6,,,,,,,,,,,
200,65,47320,10,6,5,1,8,6,,,,,,,,,,,
570,73,74859,63,1,6,5,11,3,,,,,,,,,,,
1,30,15253,13,2,1,0,3,7,,,,,,,,,,,
62,48,31560,98,2,2,1,3,8,,,,,,,,,,,
531,68,72071,4,3,5,4,8,2,,,,,,,,,,,
162,32,91172,94,0,4,3,7,3,,,,,,,,,,,
675,38,90000,91,1,4,8,5,1,,,,,,,,,,,
23,41,41967,66,1,1,0,3,4,,,,,,,,,,,
492,57,69263,14,1,9,1,7,6,,,,,,,,,,,
918,52,65706,77,1,11,3,12,7,,,,,,,,,,,
224,47,60934,41,2,6,4,11,4,,,,,,,,,,,
572,71,71965,21,3,6,3,5,3,,,,,,,,,,,
626,67,65210,25,2,9,3,8,6,,,,,,,,,,,
1074,47,79174,2,1,5,6,7,2,,,,,,,,,,,
741,55,81380,51,1,4,2,10,2,,,,,,,,,,,
322,49,48432,3,5,7,1,6,8,,,,,,,,,,,
254,51,52914,32,2,7,3,3,7,,,,,,,,,,,
116,67,38946,84,2,3,1,6,5,,,,,,,,,,,
22,48,26067,49,3,3,0,3,8,,,,,,,,,,,
516,50,44325,69,4,8,2,7,8,,,,,,,,,,,
14,58,42523,96,1,1,1,4,2,,,,,,,,,,,
2,44,26487,23,3,2,1,3,5,,,,,,,,,,,
28,65,53233,18,1,1,0,3,4,,,,,,,,,,,
530,62,67716,8,4,7,4,13,5,,,,,,,,,,,
519,50,76234,21,1,8,3,11,3,,,,,,,,,,,
611,66,84117,60,1,7,10,6,2,,,,,,,,,,,
240,65,65487,48,3,3,5,6,2,,,,,,,,,,,
4,50,25224,36,2,1,1,3,3,,,,,,,,,,,
671,39,89616,36,1,7,5,12,2,,,,,,,,,,,
23,51,40851,63,1,1,1,2,7,,,,,,,,,,,
9,75,27469,2,1,0,0,3,6,,,,,,,,,,,
556,65,82347,38,1,7,7,10,3,,,,,,,,,,,
833,65,73803,61,2,9,5,6,6,,,,,,,,,,,
12,70,8820,52,4,3,0,3,8,,,,,,,,,,,
56,48,43322,25,1,3,0,4,7,,,,,,,,,,,
293,49,55593,63,2,6,6,3,6,,,,,,,,,,,
297,68,50501,10,7,5,4,4,6,,,,,,,,,,,
39,47,37085,65,4,3,0,3,8,,,,,,,,,,,
5,32,16185,71,2,2,2,2,8,,,,,,,,,,,
266,53,57731,0,4,8,8,6,6,,,,,,,,,,,
322,49,48432,3,5,7,1,6,8,,,,,,,,,,,
366,44,73807,88,2,5,5,11,2,,,,,,,,,,,
32,32,18929,15,1,1,0,4,6,,,,,,,,,,,
158,54,35893,80,6,3,1,5,8,,,,,,,,,,,
269,42,61014,17,4,9,3,4,7,,,,,,,,,,,
41,68,32144,76,4,2,1,3,7,,,,,,,,,,,
3,59,14918,52,1,1,0,3,6,,,,,,,,,,,
33,59,45146,28,2,1,1,2,4,,,,,,,,,,,
302,67,41769,31,6,8,1,7,8,,,,,,,,,,,
519,41,88325,42,1,6,2,9,2,,,,,,,,,,,
23,72,38054,24,2,2,0,3,7,,,,,,,,,,,
594,27,80617,42,1,4,6,8,2,,,,,,,,,,,
12,46,5305,12,0,1,0,0,13,,,,,,,,,,,
4,68,36807,88,1,1,0,2,6,,,,,,,,,,,
18,39,28427,67,2,2,0,3,8,,,,,,,,,,,
332,74,82032,54,0,4,6,7,1,,,,,,,,,,,
5,44,22775,40,1,1,0,2,8,,,,,,,,,,,
171,37,40101,73,4,6,1,6,7,,,,,,,,,,,
270,43,58025,81,3,3,2,10,4,,,,,,,,,,,
712,40,75777,12,1,3,6,11,1,,,,,,,,,,,
2,43,7500,7,4,3,2,2,7,,,,,,,,,,,
21,59,33562,33,3,2,0,4,4,,,,,,,,,,,
580,52,57642,24,3,7,6,6,4,,,,,,,,,,,
368,54,58554,55,6,8,2,6,7,,,,,,,,,,,
457,43,63777,87,8,11,1,6,8,,,,,,,,,,,
229,60,57967,39,5,4,2,8,5,,,,,,,,,,,
3,50,24434,9,2,2,1,2,7,,,,,,,,,,,
24,38,11012,82,3,3,1,2,9,,,,,,,,,,,
853,52,44802,71,2,9,4,12,8,,,,,,,,,,,
5,36,26816,50,1,0,0,3,4,,,,,,,,,,,
9,45,666666,23,4,3,1,3,6,,,,,,,,,,,
3,48,34421,81,1,1,0,2,7,,,,,,,,,,,
709,55,61223,46,2,9,3,4,5,,,,,,,,,,,
406,76,64014,56,7,8,2,5,7,,,,,,,,,,,
908,41,56981,91,1,2,3,13,6,,,,,,,,,,,
428,66,69245,8,2,6,5,10,3,,,,,,,,,,,
84,68,52869,40,3,3,1,4,7,,,,,,,,,,,